<DATE>	<OPEN>	<HIGH>	<LOW>	<CLOSE>	<TICKVOL>	<VOL>	<SPREAD>
2018.01.02	89.717	89.954	89.376	89.734	117213	0	4
2018.01.03	89.733	89.808	89.515	89.737	130487	0	4
2018.01.04	89.737	90.299	89.671	90.264	150048	0	4
2018.01.05	90.264	91.579	90.222	91.066	164452	0	4
2018.01.08	91.098	91.368	90.798	91.028	123234	0	1
2018.01.09	91.028	91.153	90.130	90.360	165638	0	1
2018.01.10	90.360	91.101	88.496	88.798	207540	0	1
2018.01.11	88.798	89.132	88.541	88.852	188125	0	1
2018.01.12	88.852	89.157	88.637	89.108	190753	0	1
2018.01.15	89.076	89.315	88.819	88.908	165926	0	1
2018.01.16	88.908	89.314	88.611	88.790	182159	0	1
2018.01.17	88.790	89.627	88.200	89.445	219277	0	1
2018.01.18	89.426	89.548	88.874	89.446	189618	0	1
2018.01.19	89.447	89.538	88.506	88.577	172846	0	1
2018.01.22	88.552	89.208	88.544	89.124	139515	0	1
2018.01.23	89.122	89.237	88.402	88.803	174799	0	1
2018.01.24	88.803	88.897	88.193	88.424	201001	0	1
2018.01.25	88.424	88.719	88.114	88.366	259572	0	1
2018.01.26	88.366	88.849	87.883	88.191	232512	0	0
2018.01.29	88.183	88.494	87.986	88.263	186432	0	1
2018.01.30	88.263	88.373	87.794	88.148	190995	0	1
2018.01.31	88.148	89.052	88.110	88.643	219673	0	1
2018.02.01	88.643	89.277	88.643	89.176	197223	0	1
2018.02.02	89.176	89.435	88.594	88.610	241399	0	1
2018.02.05	88.579	88.649	86.982	86.982	273457	0	1
2018.02.06	86.982	87.741	86.340	87.687	408982	0	1
2018.02.07	87.667	87.798	86.873	86.956	255109	0	1
2018.02.08	86.956	87.377	86.155	86.282	309547	0	1
2018.02.09	86.280	86.768	85.551	86.451	277310	0	1
2018.02.12	86.429	86.568	85.989	86.367	163520	0	1
2018.02.13	86.367	86.460	85.178	85.609	193986	0	1
2018.02.14	85.609	85.746	84.668	85.633	260262	0	1
2018.02.15	85.633	85.666	84.756	85.017	231637	0	1
2018.02.16	85.019	85.166	84.483	84.545	216017	0	1
2018.02.19	84.628	84.980	84.549	84.832	126061	0	1
2018.02.20	84.832	85.118	84.789	84.837	174722	0	1
2018.02.21	84.837	85.259	84.745	84.830	197749	0	1
2018.02.22	84.830	84.866	83.839	84.016	196453	0	1
2018.02.23	84.011	84.603	83.919	84.584	161184	0	1
2018.02.26	84.659	84.720	84.106	84.292	168847	0	1
2018.02.27	84.291	84.481	83.994	83.994	184249	0	1
2018.02.28	83.968	84.189	83.028	83.104	204114	0	1
2018.03.01	83.104	83.648	82.507	82.740	268463	0	1
2018.03.02	82.740	82.888	81.667	82.037	248424	0	1
2018.03.05	81.828	82.034	81.375	81.900	208406	0	1
2018.03.06	81.898	82.563	81.538	82.398	210827	0	1
2018.03.07	82.398	82.448	81.401	82.126	251582	0	1
2018.03.08	82.126	82.465	81.872	82.325	176428	0	1
2018.03.09	82.325	83.435	82.291	83.342	209773	0	1
2018.03.12	83.304	83.489	82.818	82.875	132776	0	1
2018.03.13	82.875	83.440	82.018	82.181	216143	0	1
2018.03.14	82.181	82.427	81.757	82.036	201502	0	1
2018.03.15	82.038	82.087	81.145	81.486	209347	0	1
2018.03.16	81.486	81.488	80.677	80.928	170136	0	1
2018.03.19	80.913	81.421	80.540	81.043	199494	0	1
2018.03.20	81.043	81.600	80.964	81.476	194331	0	1
2018.03.21	81.476	82.403	81.410	82.181	217902	0	1
2018.03.22	82.178	82.377	81.304	81.428	262657	0	1
2018.03.23	81.427	82.062	80.907	81.197	280834	0	1
2018.03.26	81.152	82.084	81.141	82.060	201228	0	1
2018.03.27	82.060	82.441	81.683	81.734	205946	0	1
2018.03.28	81.734	82.836	81.692	82.656	224110	0	1
2018.03.29	82.656	82.774	82.259	82.595	192181	0	1
2018.03.30	82.577	82.646	82.312	82.384	68315	0	1
2018.04.02	82.264	82.674	81.631	81.993	120320	0	1
2018.04.03	81.993	83.338	81.828	83.236	169040	0	1
2018.04.04	83.228	83.709	82.557	83.595	127780	0	1
2018.04.05	83.586	84.262	83.535	84.215	99860	0	1
2018.04.06	84.195	84.253	83.528	83.623	142043	0	1
2018.04.09	83.725	84.386	83.579	84.062	97844	0	1
2018.04.10	84.046	85.249	83.923	85.040	116366	0	1
2018.04.11	85.039	85.139	84.577	84.867	113297	0	1
2018.04.12	84.854	85.318	84.697	85.235	119821	0	1
2018.04.13	85.203	85.757	85.016	85.077	101706	0	1
2018.04.16	85.233	85.372	84.902	85.216	87828	0	1
2018.04.17	85.199	85.417	85.056	85.241	87227	0	1
2018.04.18	85.215	85.436	84.673	84.872	94674	0	1
2018.04.19	84.851	85.301	84.672	84.723	111248	0	1
2018.04.20	84.711	85.166	84.293	84.363	110299	0	1
2018.04.23	84.452	84.723	84.341	84.595	93818	0	1
2018.04.24	84.586	85.164	84.574	84.784	102255	0	1
2018.04.25	84.784	85.224	84.661	85.178	106676	0	1
2018.04.26	85.137	85.309	84.861	84.919	102801	0	1
2018.04.27	84.895	85.042	84.751	84.991	95536	0	1
2018.04.30	84.936	85.386	84.909	85.121	82520	0	1
2018.05.01	85.134	85.522	84.964	85.498	89912	0	1
2018.05.02	85.498	85.738	85.241	85.253	113809	0	1
2018.05.03	85.253	85.431	84.472	84.991	118962	0	1
2018.05.04	84.991	85.019	84.368	84.885	87253	0	1
2018.05.07	84.898	85.003	84.508	84.686	71638	0	1
2018.05.08	84.686	84.694	83.889	84.252	106599	0	1
2018.05.09	84.252	85.506	84.152	85.364	97142	0	1
2018.05.10	85.364	86.061	85.271	85.674	96590	0	1
2018.05.11	85.643	85.867	85.407	85.463	71000	0	1
2018.05.14	85.404	85.870	85.347	85.569	57840	0	1
2018.05.15	85.580	85.922	85.314	85.687	87405	0	1
2018.05.16	85.644	86.311	85.572	86.307	86594	0	1
2018.05.17	86.249	86.787	86.170	86.462	92062	0	1
2018.05.18	86.473	86.732	85.767	85.934	83942	0	1
2018.05.21	86.080	86.852	86.026	86.804	66895	0	1
2018.05.22	86.695	87.101	86.459	86.501	78998	0	1
2018.05.23	86.491	86.527	84.923	85.745	125062	0	1
2018.05.24	85.716	85.770	84.437	84.801	114199	0	1
2018.05.25	84.787	85.123	84.046	84.302	104243	0	1
2018.05.28	84.626	84.692	83.979	84.200	86517	0	1
2018.05.29	84.167	84.240	82.993	83.531	171947	0	1
2018.05.30	83.505	84.948	83.150	84.587	154127	0	1
2018.05.31	84.568	84.965	83.571	83.962	140209	0	1
2018.06.01	83.947	84.638	83.931	84.539	114873	0	1
2018.06.04	84.428	84.948	84.399	84.917	85159	0	0
2018.06.05	84.907	85.120	84.063	84.623	104144	0	1
2018.06.06	84.625	85.645	84.619	85.118	106929	0	1
2018.06.07	85.090	85.169	84.254	84.559	107645	0	1
2018.06.08	84.545	84.744	83.856	84.723	101020	0	1
2018.06.11	84.050	84.893	84.050	84.773	77657	0	1
2018.06.12	84.746	85.029	84.656	84.801	116743	0	1
2018.06.13	84.792	85.197	84.783	84.954	100803	0	1
2018.06.14	84.942	85.018	84.351	84.391	111283	0	1
2018.06.15	84.411	84.464	83.709	83.941	108528	0	1
2018.06.18	83.891	84.006	83.443	83.719	69814	0	1
2018.06.19	83.721	83.760	82.556	82.825	130751	0	1
2018.06.20	82.839	83.036	82.666	82.886	108827	0	1
2018.06.21	82.927	83.199	82.485	82.583	128239	0	1
2018.06.22	82.567	83.042	82.260	82.877	120472	0	1
2018.06.25	82.739	82.887	82.166	82.520	109100	0	1
2018.06.26	82.529	82.829	82.210	82.672	107068	0	1
2018.06.27	82.682	83.175	82.351	82.605	140564	0	1
2018.06.28	82.617	83.395	82.463	83.375	107198	0	1
2018.06.29	83.383	84.379	83.243	84.245	129295	0	1
2018.07.02	83.935	84.432	83.745	84.071	108946	0	1
2018.07.03	84.042	84.430	83.861	84.132	116698	0	1
2018.07.04	84.129	84.222	83.931	84.019	117745	0	1
2018.07.05	83.986	84.343	83.865	84.220	120440	0	1
2018.07.06	84.163	84.467	84.069	84.349	101597	0	1
2018.07.09	84.282	84.688	84.267	84.553	85901	0	1
2018.07.10	84.452	84.921	84.448	84.621	89819	0	1
2018.07.11	84.635	85.170	84.204	84.781	149132	0	1
2018.07.12	84.765	85.550	84.674	85.543	107281	0	1
2018.07.13	85.493	85.658	85.241	85.364	93181	0	1
2018.07.16	85.185	85.654	85.185	85.459	78692	0	1
2018.07.17	85.449	85.689	85.388	85.559	111034	0	1
2018.07.18	85.557	85.739	85.042	85.669	100168	0	1
2018.07.19	85.663	85.713	84.683	84.722	151796	0	1
2018.07.20	84.716	85.271	84.507	84.782	145610	0	1
2018.07.23	84.770	84.893	84.403	84.527	96125	0	10
2018.07.24	84.516	84.639	84.253	84.524	90117	0	15
2018.07.25	84.526	85.196	84.445	85.055	107275	0	15
2018.07.26	85.022	85.218	84.792	85.064	93376	0	12
2018.07.27	85.055	85.182	84.777	84.987	75997	0	20
2018.07.30	84.946	85.383	84.874	85.158	59529	0	13
2018.07.31	85.148	86.109	84.736	86.009	102750	0	10
2018.08.01	85.947	86.279	85.732	85.894	88688	0	10
2018.08.02	85.830	85.942	85.398	85.726	75842	0	8
2018.08.03	85.727	85.935	85.559	85.624	76278	0	20
2018.08.06	85.562	85.728	85.418	85.659	47291	0	13
2018.08.07	85.655	85.846	85.139	85.319	63471	0	13
2018.08.08	85.293	85.337	84.720	85.217	71170	0	10
2018.08.09	85.182	85.425	84.953	85.108	69573	0	13
2018.08.10	85.111	85.191	84.090	84.369	116277	0	20
2018.08.13	83.832	84.603	83.621	84.259	107254	0	11
2018.08.14	84.246	85.131	84.185	85.113	87283	0	10
2018.08.15	85.073	85.309	83.829	84.257	101398	0	14
2018.08.16	84.232	84.546	83.994	84.281	105293	0	10
2018.08.17	84.244	84.747	83.842	84.567	79861	0	13
2018.08.20	84.632	84.724	84.297	84.302	64053	0	8
2018.08.21	84.349	84.832	84.200	84.555	82054	0	12
2018.08.22	84.518	85.085	84.361	85.030	81290	0	12
2018.08.23	85.030	85.323	84.764	85.050	75301	0	12
2018.08.24	85.041	85.450	84.972	85.365	84755	0	20
2018.08.27	85.484	85.733	85.017	85.647	63711	0	15
2018.08.28	85.635	86.176	85.577	85.953	74395	0	12
2018.08.29	85.956	86.555	85.893	86.513	81073	0	11
2018.08.30	86.482	86.576	85.410	85.474	79083	0	10
2018.08.31	85.423	85.581	84.686	85.144	93355	0	20
2018.09.03	84.914	85.125	84.742	84.765	57858	0	20
2018.09.04	84.762	84.994	84.208	84.465	79793	0	14
2018.09.05	84.455	84.890	84.357	84.626	84478	0	11
2018.09.06	84.613	84.639	83.754	84.259	92689	0	14
2018.09.07	84.257	84.630	83.867	84.333	94876	0	20
2018.09.10	84.332	84.533	84.076	84.388	61139	0	16
2018.09.11	84.414	85.544	84.377	85.420	64911	0	9
2018.09.12	85.395	85.805	85.080	85.580	77561	0	15
2018.09.13	85.605	86.156	85.490	86.093	74961	0	13
2018.09.14	86.085	86.222	85.766	85.961	70702	0	20
2018.09.17	85.894	86.116	85.735	85.747	54022	0	10
2018.09.18	85.749	86.622	85.467	86.602	89180	0	9
2018.09.19	86.558	87.015	86.248	86.791	72708	0	10
2018.09.20	86.851	87.243	86.716	87.177	84008	0	12
2018.09.21	87.176	87.445	87.061	87.088	72221	0	20
2018.09.24	86.987	87.217	86.896	87.042	54255	0	6
2018.09.25	87.045	87.255	86.940	87.207	63902	0	15
2018.09.26	87.216	87.246	86.504	86.561	77277	0	10
2018.09.27	86.558	87.130	86.200	86.914	73163	0	17
2018.09.28	86.903	88.062	86.862	88.028	70548	0	18
2018.10.01	88.440	89.163	88.237	88.875	69193	0	10
2018.10.02	88.872	89.008	88.460	88.605	74077	0	10
2018.10.03	88.583	89.209	88.473	88.968	77948	0	17
2018.10.04	88.947	88.974	87.935	88.120	89649	0	9
2018.10.05	88.101	88.311	87.682	87.831	87022	0	20
2018.10.08	87.824	87.962	86.997	87.285	61476	0	12
2018.10.09	87.308	87.447	87.005	87.216	95893	0	8
2018.10.10	87.219	87.450	85.883	85.898	93325	0	9
2018.10.11	85.925	86.370	85.677	86.049	154283	0	11
2018.10.12	86.030	86.436	85.756	86.107	105445	0	20
2018.10.15	86.096	86.379	85.564	86.017	96623	0	14
2018.10.16	86.026	86.878	86.003	86.779	78712	0	14
2018.10.17	86.770	86.875	86.155	86.486	89654	0	14
2018.10.18	86.486	86.540	85.566	85.732	106134	0	10
2018.10.19	85.717	86.362	85.556	85.869	103640	0	20
2018.10.22	85.956	86.284	85.645	86.112	87006	0	12
2018.10.23	86.103	86.149	85.356	85.927	111042	0	15
2018.10.24	85.925	86.804	85.824	85.962	132793	0	11
2018.10.25	85.942	86.301	85.715	85.989	123055	0	15
2018.10.26	85.965	85.999	84.838	85.372	154025	0	20
2018.10.29	85.405	85.892	85.277	85.549	109018	0	15
2018.10.30	85.549	86.328	85.508	86.229	109404	0	12
2018.10.31	86.229	86.386	85.670	85.805	90142	0	10
2018.11.01	85.803	86.305	85.634	86.076	85681	0	9
2018.11.02	86.077	86.596	85.960	86.386	96671	0	18
2018.11.05	86.362	86.586	86.264	86.329	66155	0	15
2018.11.06	86.327	86.526	86.156	86.421	65575	0	14
2018.11.07	86.415	86.757	86.077	86.543	114386	0	10
2018.11.08	86.546	86.977	86.435	86.709	82750	0	11
2018.11.09	86.697	86.752	85.940	86.131	82232	0	20
2018.11.12	86.145	86.538	85.861	85.916	84581	0	10
2018.11.13	85.916	86.287	85.759	85.937	94603	0	12
2018.11.14	85.984	86.251	85.523	85.784	106912	0	10
2018.11.15	85.795	86.342	85.436	86.228	108618	0	17
2018.11.16	86.228	86.238	85.487	85.770	89649	0	18
2018.11.19	85.700	85.782	85.200	85.454	76473	0	15
2018.11.20	85.452	85.547	84.600	84.724	92762	0	14
2018.11.21	84.730	85.484	84.636	85.433	74397	0	11
2018.11.22	85.427	85.693	85.233	85.607	55907	0	16
2018.11.23	85.608	85.676	85.048	85.307	65670	0	20
2018.11.26	85.359	85.916	85.312	85.662	71908	0	11
2018.11.27	85.658	85.853	85.366	85.571	79365	0	12
2018.11.28	85.542	85.726	85.251	85.611	74034	0	10
2018.11.29	85.616	85.620	85.153	85.405	75106	0	12
2018.11.30	85.403	85.526	85.173	85.365	70038	0	20
2018.12.03	85.876	86.234	85.603	86.117	72715	0	10
2018.12.04	86.087	86.099	84.910	85.006	99937	0	10
2018.12.05	85.008	85.183	84.459	84.750	64209	0	12
2018.12.06	84.719	84.743	83.555	84.175	125205	0	14
2018.12.07	84.189	85.079	84.087	84.574	101575	0	20
2018.12.10	84.410	84.704	84.188	84.575	101905	0	10
2018.12.11	84.543	84.718	84.233	84.652	92696	0	14
2018.12.12	84.670	84.985	84.583	84.847	86747	0	12
2018.12.13	84.826	85.226	84.721	85.038	80719	0	10
2018.12.14	85.039	85.113	84.608	84.685	76678	0	13
2018.12.17	84.651	84.841	83.958	84.150	85445	0	10
2018.12.18	84.130	84.145	83.343	83.522	91282	0	16
2018.12.19	83.545	83.710	83.075	83.399	104974	0	14
2018.12.20	83.446	83.505	81.921	82.381	120507	0	12
2018.12.21	82.397	82.527	81.731	81.739	113258	0	16
2018.12.24	81.734	81.909	81.019	81.025	84958	0	20
2018.12.26	81.113	82.055	81.039	82.034	51958	0	17
2018.12.27	82.038	82.038	80.959	81.493	100021	0	19
2018.12.28	81.509	81.520	80.654	80.827	72856	0	13
2018.12.31	80.835	81.116	80.264	80.308	57700	0	20
2019.01.02	80.177	80.623	79.648	80.182	79966	0	11
2019.01.03	80.159	80.331	76.699	79.810	149023	0	10
2019.01.04	79.799	81.122	79.700	81.111	123147	0	14
2019.01.07	81.061	81.824	80.851	81.732	81736	0	15
2019.01.08	81.735	82.113	81.412	81.907	79407	0	14
2019.01.09	81.904	82.396	81.550	81.867	82474	0	11
2019.01.10	81.863	82.008	81.440	81.907	74065	0	10
2019.01.11	81.907	82.158	81.619	81.810	78289	0	13
2019.01.14	81.752	81.833	81.279	81.402	53644	0	13
2019.01.15	81.426	82.059	81.386	81.894	78532	0	13
2019.01.16	81.922	82.413	81.596	82.282	63654	0	16
2019.01.17	82.278	82.562	81.599	82.265	71416	0	18
2019.01.18	82.265	82.884	82.100	82.723	69391	0	17
2019.01.21	82.635	82.727	82.347	82.455	51036	0	20
2019.01.22	82.451	82.484	81.723	81.887	73043	0	17
2019.01.23	81.886	82.425	81.841	82.122	74610	0	12
2019.01.24	82.134	82.246	81.935	82.097	83235	0	12
2019.01.25	82.083	82.908	81.975	82.860	78476	0	20
2019.01.28	82.839	82.910	82.207	82.403	66957	0	16
2019.01.29	82.427	82.640	82.188	82.410	70921	0	15
2019.01.30	82.408	83.177	82.245	82.904	82249	0	20
2019.01.31	82.900	82.975	82.467	82.915	81993	0	20
2019.02.01	82.933	83.809	82.716	83.575	70787	0	20
2019.02.04	83.602	83.970	83.527	83.777	64549	0	20
2019.02.05	83.809	83.964	83.525	83.752	53104	0	20
2019.02.06	83.762	83.778	83.052	83.210	60677	0	15
2019.02.07	83.232	83.261	82.382	82.497	66123	0	11
2019.02.08	82.512	83.002	82.255	82.679	61395	0	16
2019.02.11	82.651	83.185	82.605	82.958	54358	0	14
2019.02.12	82.972	83.481	82.884	83.445	55490	0	20
2019.02.13	83.464	83.850	83.385	83.727	55360	0	16
2019.02.14	83.729	83.964	82.910	83.076	70356	0	16
2019.02.15	83.093	83.374	82.812	83.344	64916	0	14
2019.02.18	83.286	83.612	83.279	83.500	42653	0	18
2019.02.19	83.509	83.789	83.236	83.709	60608	0	15
2019.02.20	83.699	84.247	83.630	84.107	61084	0	16
2019.02.21	84.118	84.200	83.636	83.637	73949	0	14
2019.02.22	83.656	84.253	83.586	84.226	62697	0	15
2019.02.25	84.223	84.454	84.060	84.196	69482	0	15
2019.02.26	84.210	84.224	83.623	83.952	61611	0	14
2019.02.27	83.948	84.491	83.747	84.344	115687	0	17
2019.02.28	84.356	84.785	83.940	84.538	68520	0	14
2019.03.01	84.533	85.226	84.091	84.097	68175	0	20
2019.03.04	84.223	84.332	83.698	83.967	64302	0	14
2019.03.05	83.978	84.046	83.753	83.786	61063	0	20
2019.03.06	83.789	83.789	82.989	83.125	64763	0	20
2019.03.07	83.159	83.297	82.843	82.893	72567	0	17
2019.03.08	82.925	83.034	82.407	82.830	80322	0	20
2019.03.11	82.820	83.038	82.549	83.011	63614	0	15
2019.03.12	83.010	83.371	82.842	83.355	67942	0	20
2019.03.13	83.358	83.651	83.118	83.639	69726	0	16
2019.03.14	83.641	83.934	83.538	83.726	71625	0	14
2019.03.15	83.730	84.027	83.392	83.545	58484	0	16
2019.03.18	83.567	83.842	83.340	83.530	53373	0	16
2019.03.19	83.533	84.082	83.362	83.594	65254	0	13
2019.03.20	83.594	83.760	83.147	83.170	75710	0	16
2019.03.21	83.171	83.399	82.714	82.925	79100	0	20
2019.03.22	82.921	82.959	81.817	81.839	102462	0	15
2019.03.25	81.917	82.228	81.623	82.013	91920	0	16
2019.03.26	82.015	82.707	82.008	82.621	80001	0	16
2019.03.27	82.621	82.687	82.113	82.344	100472	0	17
2019.03.28	82.344	82.651	81.976	82.352	80613	0	20
2019.03.29	82.352	83.045	82.285	82.992	74114	0	13
2019.04.01	83.138	83.745	82.925	83.643	70004	0	17
2019.04.02	83.667	83.727	83.199	83.437	62253	0	17
2019.04.03	83.460	83.860	83.333	83.512	58561	0	16
2019.04.04	83.528	83.604	83.344	83.562	58309	0	17
2019.04.05	83.563	83.679	83.280	83.473	59313	0	16
2019.04.08	83.361	83.791	83.216	83.696	49336	0	20
2019.04.09	83.734	83.838	83.320	83.337	56637	0	16
2019.04.10	83.364	83.494	83.157	83.317	59199	0	14
2019.04.11	83.332	83.515	83.092	83.396	60877	0	15
2019.04.12	83.384	84.079	83.368	84.026	57783	0	16
2019.04.15	83.915	84.238	83.625	83.787	48765	0	15
2019.04.16	83.801	83.907	83.471	83.875	58278	0	14
2019.04.17	83.898	84.347	83.713	83.952	61275	0	14
2019.04.18	83.988	83.997	83.515	83.669	66113	0	14
2019.04.19	83.645	83.733	83.523	83.536	39605	0	20
2019.04.22	83.541	83.918	83.493	83.832	33850	0	15
2019.04.23	83.851	83.888	83.173	83.308	52329	0	16
2019.04.24	83.308	83.325	82.665	83.110	68473	0	11
2019.04.25	83.112	83.161	82.553	82.752	55549	0	20
2019.04.26	82.778	83.051	82.678	82.927	60623	0	13
2019.04.29	82.904	83.194	82.820	82.949	34244	0	12
2019.04.30	82.963	83.242	82.606	83.222	57991	0	14
2019.05.01	83.224	83.351	82.772	82.818	51634	0	12
2019.05.02	82.817	83.063	82.657	82.737	59367	0	20
2019.05.03	82.730	82.967	82.674	82.765	60803	0	13
2019.05.06	82.169	82.576	81.774	82.334	69938	0	15
2019.05.07	82.336	82.552	81.674	81.801	75904	0	16
2019.05.08	81.816	81.941	81.559	81.655	81342	0	20
2019.05.09	81.647	81.705	81.112	81.419	90607	0	15
2019.05.10	81.439	82.040	81.329	81.958	104046	0	13
2019.05.13	81.713	81.821	80.922	81.048	84967	0	13
2019.05.14	81.052	81.538	80.960	81.391	65007	0	13
2019.05.15	81.384	81.608	80.921	81.524	77840	0	15
2019.05.16	81.523	81.936	81.307	81.574	61185	0	12
2019.05.17	81.591	81.960	81.080	81.710	91124	0	20
2019.05.20	81.864	82.114	81.715	81.928	71360	0	17
2019.05.21	81.944	82.537	81.900	82.396	65972	0	13
2019.05.22	82.395	82.610	82.067	82.111	62786	0	20
2019.05.23	82.109	82.128	81.153	81.328	87609	0	11
2019.05.24	81.345	81.586	81.142	81.292	69004	0	13
2019.05.27	81.306	81.575	81.293	81.413	41378	0	15
2019.05.28	81.409	81.556	80.992	81.020	77729	0	16
2019.05.29	81.043	81.169	80.657	81.037	95882	0	16
2019.05.30	81.045	81.501	80.965	81.188	67074	0	20
2019.05.31	81.189	81.209	80.069	80.088	105473	0	15
2019.06.03	80.056	80.511	79.963	80.388	97911	0	20
2019.06.04	80.386	80.738	80.215	80.711	86723	0	20
2019.06.05	80.744	81.064	80.548	80.828	90721	0	12
2019.06.06	80.816	81.219	80.515	81.101	78973	0	13
2019.06.07	81.109	81.567	81.045	81.536	82867	0	15
2019.06.10	81.882	81.953	81.612	81.701	67078	0	14
2019.06.11	81.700	82.079	81.514	81.655	68136	0	14
2019.06.12	81.685	81.741	81.291	81.296	74263	0	13
2019.06.13	81.307	81.561	81.119	81.309	62491	0	14
2019.06.14	81.294	81.336	80.855	80.922	74630	0	15
2019.06.17	80.909	81.102	80.863	80.897	53541	0	15
2019.06.18	80.898	81.139	80.563	81.062	85636	0	15
2019.06.19	81.052	81.392	80.907	81.389	83151	0	11
2019.06.20	81.384	81.861	81.183	81.314	101028	0	17
2019.06.21	81.325	81.577	81.154	81.155	88550	0	13
2019.06.24	81.149	81.478	81.149	81.403	63528	0	13
2019.06.25	81.391	81.484	80.980	81.365	86702	0	13
2019.06.26	81.367	82.223	81.283	82.095	75878	0	16
2019.06.27	82.090	82.359	82.007	82.305	72392	0	19
2019.06.28	82.300	82.454	82.110	82.390	72565	0	14
2019.07.01	82.385	82.893	82.385	82.537	69758	0	20
2019.07.02	82.533	82.660	82.193	82.293	62752	0	20
2019.07.03	82.293	82.569	82.018	82.549	61894	0	16
2019.07.04	82.550	82.677	82.400	82.571	36151	0	13
2019.07.05	82.569	83.018	82.531	82.927	61320	0	16
2019.07.08	82.915	83.207	82.788	82.998	14767	0	10
2019.07.09	82.998	83.119	82.778	82.898	27093	0	10
2019.07.10	82.894	83.147	82.646	82.892	35537	0	10
2019.07.11	82.874	83.059	82.635	82.980	34180	0	10
2019.07.12	82.980	83.232	82.690	82.790	31306	0	10
2019.07.15	82.686	82.963	82.637	82.683	29429	0	10
2019.07.16	82.683	83.128	82.627	82.692	33059	0	10
2019.07.17	82.692	82.955	82.642	82.680	30341	0	10
2019.07.18	82.676	82.724	82.240	82.350	47355	0	10
2019.07.19	82.346	82.632	82.198	82.463	47653	0	10
2019.07.22	82.471	82.706	82.201	82.210	36138	0	10
2019.07.23	82.210	82.434	82.133	82.370	32136	0	10
2019.07.24	82.362	82.417	82.170	82.307	30133	0	10
2019.07.25	82.308	82.677	82.253	82.510	39462	0	10
2019.07.26	82.517	82.612	82.351	82.519	29613	0	10
2019.07.29	82.428	82.781	82.366	82.614	22853	0	10
2019.07.30	82.614	82.741	82.279	82.557	34958	0	10
2019.07.31	82.549	82.814	82.356	82.435	54251	0	10
2019.08.01	82.428	82.721	81.074	81.224	66547	0	10
2019.08.02	81.231	81.399	80.443	80.725	87095	0	10
2019.08.05	80.624	80.774	79.959	80.213	89042	0	10
2019.08.06	80.205	81.180	79.850	80.149	99151	0	10
2019.08.07	80.141	80.207	79.096	79.875	107737	0	10
2019.08.08	79.859	80.232	79.564	80.171	69102	0	10
2019.08.09	80.170	80.260	79.553	79.934	73477	0	11
2019.08.12	79.910	80.028	79.277	79.493	52533	0	10
2019.08.13	79.494	81.030	79.139	80.718	89304	0	10
2019.08.14	80.707	80.724	79.347	79.504	81622	0	10
2019.08.15	79.504	80.332	79.300	79.701	107040	0	10
2019.08.16	79.690	80.150	79.588	80.135	55966	0	10
2019.08.19	79.978	80.491	79.950	80.015	39050	0	11
2019.08.20	80.015	80.066	79.581	79.740	40874	0	10
2019.08.21	79.736	80.343	79.684	80.203	42719	0	10
2019.08.22	80.191	80.308	79.835	79.991	49006	0	10
2019.08.23	79.983	80.145	79.006	79.329	84812	0	10
2019.08.26	78.944	80.146	78.493	80.033	119041	0	10
2019.08.27	80.023	80.107	79.499	79.594	64033	0	9
2019.08.28	79.581	79.830	79.330	79.740	48387	0	9
2019.08.29	79.730	80.236	79.474	80.159	59316	0	9
2019.08.30	80.150	80.241	79.708	79.801	51890	0	9
2019.09.02	79.582	79.817	79.472	79.676	36813	0	10
2019.09.03	79.679	79.775	79.192	79.405	60214	0	9
2019.09.04	79.405	80.490	79.326	80.439	52904	0	10
2019.09.05	80.437	81.131	80.363	80.815	57856	0	9
2019.09.06	80.815	81.219	80.559	81.186	54436	0	9
2019.09.09	81.023	81.534	81.018	81.429	41488	0	10
2019.09.10	81.417	81.813	81.305	81.761	41324	0	9
2019.09.11	81.762	82.064	81.527	81.699	38680	0	9
2019.09.12	81.695	82.080	81.371	81.815	62933	0	9
2019.09.13	81.794	81.915	81.307	81.330	44928	0	9
2019.09.16	81.332	81.676	81.157	81.651	47378	0	9
2019.09.17	81.651	81.762	81.393	81.626	50437	0	9
2019.09.18	81.624	81.706	81.363	81.598	42636	0	10
2019.09.19	81.595	81.614	81.099	81.426	42604	0	10
2019.09.20	81.425	81.503	80.979	81.015	32802	0	10
2019.09.23	81.195	81.229	80.668	81.068	29019	0	10
2019.09.24	81.059	81.339	80.783	80.822	43073	0	9
2019.09.25	80.806	81.337	80.729	81.208	44131	0	9
2019.09.26	81.208	81.382	81.076	81.239	38322	0	10
2019.09.27	81.239	81.819	81.100	81.526	42455	0	10
2019.09.30	81.470	81.707	81.388	81.610	39877	0	9
2019.10.01	81.614	81.822	81.225	81.453	42777	0	9
2019.10.02	81.451	81.658	80.404	80.411	41925	0	9
2019.10.03	80.407	80.545	79.816	80.136	61511	0	10
2019.10.04	80.134	80.535	80.025	80.216	37192	0	9
2019.10.07	80.039	80.733	80.034	80.558	33362	0	9
2019.10.08	80.555	80.834	80.129	80.335	43421	0	9
2019.10.09	80.332	80.762	80.259	80.585	32137	0	9
2019.10.10	80.585	81.331	80.205	81.186	51767	0	9
2019.10.11	81.181	82.425	81.114	82.129	47345	0	9
2019.10.14	82.042	82.245	81.745	81.890	27899	0	8
2019.10.15	81.876	82.492	81.741	82.450	32949	0	10
2019.10.16	82.453	82.497	82.012	82.339	35801	0	10
2019.10.17	82.339	82.774	82.285	82.668	36599	0	11
2019.10.18	82.663	82.769	82.443	82.553	28929	0	10
2019.10.21	82.527	83.030	82.436	82.967	28175	0	10
2019.10.22	82.963	83.163	82.712	82.805	26733	0	10
2019.10.23	82.804	83.164	82.603	83.123	26815	0	9
2019.10.24	83.117	83.207	82.900	83.062	27001	0	10
2019.10.25	83.060	83.246	82.995	83.191	22766	0	9
2019.10.28	83.192	83.498	83.113	83.468	23878	0	10
2019.10.29	83.468	83.549	83.067	83.187	23880	0	10
2019.10.30	83.187	83.277	82.532	82.702	32067	0	10
2019.10.31	82.702	82.716	81.958	82.045	33860	0	9
2019.11.01	82.045	82.404	81.869	82.306	27781	0	8
2019.11.04	82.359	82.632	82.307	82.548	23686	0	9
2019.11.05	82.548	83.013	82.494	82.944	30817	0	10
2019.11.06	82.936	83.049	82.485	82.659	25786	0	13
2019.11.07	82.655	83.103	82.321	82.940	35252	0	13
2019.11.08	82.935	83.044	82.419	82.555	27833	0	13
2019.11.11	82.560	82.597	82.304	82.398	18756	0	14
2019.11.12	82.398	82.581	82.279	82.364	26686	0	13
2019.11.13	82.364	82.374	81.958	82.095	26514	0	13
2019.11.14	82.095	82.130	81.616	81.819	27062	0	13
2019.11.15	81.819	82.290	81.776	82.228	23256	0	12
2019.11.18	82.247	82.522	82.073	82.269	25583	0	13
2019.11.19	82.269	82.424	81.743	81.794	29714	0	13
2019.11.20	81.797	81.839	81.356	81.622	31875	0	12
2019.11.21	81.620	81.850	81.281	81.750	34634	0	14
2019.11.22	81.752	81.922	81.618	81.667	25421	0	13
2019.11.25	81.648	81.942	81.614	81.887	23566	0	14
2019.11.26	81.879	82.194	81.757	82.139	24010	0	14
2019.11.27	82.123	82.518	82.106	82.433	22386	0	14
2019.11.28	82.426	82.469	82.268	82.433	18063	0	13
2019.11.29	82.426	82.504	82.300	82.444	22354	0	13
2019.12.02	82.462	82.612	81.860	81.869	26078	0	13
2019.12.03	81.869	82.119	81.510	81.686	29157	0	14
2019.12.04	81.685	82.558	81.535	82.448	30168	0	12
2019.12.05	82.448	82.752	82.411	82.534	26622	0	13
2019.12.06	82.533	82.546	81.834	81.880	23378	0	13
2019.12.09	81.938	82.136	81.734	81.976	22274	0	13
2019.12.10	81.976	82.215	81.915	82.158	22844	0	13
2019.12.11	82.158	82.474	82.069	82.382	21969	0	14
2019.12.12	82.394	83.023	82.312	82.870	30670	0	13
2019.12.13	82.864	83.375	82.570	82.993	41017	0	13
2019.12.16	82.935	83.452	82.887	83.237	23199	0	13
2019.12.17	83.239	83.327	83.081	83.167	21530	0	13
2019.12.18	83.167	83.632	83.054	83.514	20452	0	13
2019.12.19	83.511	83.617	83.180	83.311	27595	0	14
2019.12.20	83.309	83.351	82.922	83.170	24794	0	13
2019.12.23	83.220	83.336	82.976	83.194	18538	0	14
2019.12.24	83.194	83.225	83.004	83.016	16943	0	16
2019.12.26	83.288	83.669	83.256	83.530	10476	0	13
2019.12.27	83.514	83.821	83.453	83.669	23220	0	13
2019.12.30	83.647	83.769	83.213	83.314	23507	0	13
2019.12.31	83.309	83.912	83.216	83.672	23080	0	14
2020.01.02	83.691	83.900	83.315	83.614	22157	0	15
2020.01.03	83.588	83.652	82.977	83.141	37418	0	14
2020.01.06	83.029	83.675	82.964	83.573	31222	0	14
2020.01.07	83.574	83.724	83.173	83.371	29957	0	13
2020.01.08	83.327	83.840	82.794	83.661	56257	0	15
2020.01.09	83.655	83.892	83.553	83.864	31578	0	15
2020.01.10	83.863	84.135	83.764	83.867	25851	0	14
2020.01.13	83.872	84.309	83.813	84.196	23263	0	14
2020.01.14	84.194	84.427	84.044	84.180	28944	0	15
2020.01.15	84.179	84.325	83.969	84.249	25327	0	14
2020.01.16	84.250	84.478	84.179	84.434	22981	0	16
2020.01.17	84.434	84.562	84.232	84.263	22861	0	15
2020.01.20	84.277	84.452	84.249	84.426	16418	0	15
2020.01.21	84.419	84.452	83.927	84.042	25931	0	15
2020.01.22	84.042	84.341	83.527	83.612	27554	0	14
2020.01.23	83.612	83.626	83.065	83.389	31993	0	14
2020.01.24	83.390	83.545	82.997	83.094	28403	0	14
2020.01.27	82.792	82.918	82.461	82.514	39651	0	15
2020.01.28	82.514	82.966	82.356	82.952	31574	0	15
2020.01.29	82.946	83.025	82.550	82.574	29335	0	14
2020.01.30	82.581	82.625	82.115	82.469	44926	0	14
2020.01.31	82.472	82.687	81.740	81.881	41391	0	15
2020.02.03	81.861	82.168	81.569	81.781	38917	0	14
2020.02.04	81.794	82.498	81.592	82.479	33362	0	15
2020.02.05	82.479	82.690	82.177	82.669	38637	0	14
2020.02.06	82.622	82.816	82.551	82.787	29548	0	15
2020.02.07	82.787	82.798	82.236	82.474	37000	0	15
2020.02.10	82.396	82.654	82.264	82.417	30948	0	14
2020.02.11	82.416	82.778	82.379	82.615	25571	0	14
2020.02.12	82.616	83.112	82.554	83.072	26415	0	14
2020.02.13	83.069	83.073	82.626	82.758	36602	0	14
2020.02.14	82.759	82.958	82.697	82.807	24514	0	14
2020.02.17	82.799	83.102	82.790	83.010	17951	0	15
2020.02.18	83.007	83.017	82.645	82.845	28108	0	15
2020.02.19	82.845	84.356	82.812	84.214	30681	0	15
2020.02.20	84.196	84.736	84.042	84.510	43501	0	14
2020.02.21	84.511	84.657	84.015	84.337	41815	0	14
2020.02.24	83.984	84.281	83.085	83.268	52934	0	14
2020.02.25	83.269	83.559	82.764	82.963	64339	0	14
2020.02.26	82.964	83.391	82.680	82.799	68691	0	14
2020.02.27	82.798	82.827	81.790	81.822	78942	0	14
2020.02.28	81.821	81.968	80.124	80.638	108484	0	14
2020.03.02	79.961	81.384	79.840	81.266	80646	0	6
2020.03.03	81.216	81.453	79.945	79.983	76959	0	9
2020.03.04	79.982	80.640	79.791	80.316	64215	0	6
2020.03.05	80.306	80.473	78.958	79.139	59447	0	8
2020.03.06	79.138	79.400	78.225	78.471	89629	0	9
2020.03.09	76.823	76.960	73.803	74.654	212795	0	14
2020.03.10	74.654	77.227	74.487	76.631	241502	0	20
2020.03.11	76.634	76.934	75.612	75.700	151429	0	8
2020.03.12	75.711	77.254	74.641	75.231	123797	0	15
2020.03.13	75.234	78.367	74.944	78.173	145278	0	15
2020.03.16	77.790	77.848	75.273	75.530	147334	0	12
2020.03.17	75.530	76.736	75.298	75.681	152728	0	11
2020.03.18	75.675	75.764	73.780	74.320	138127	0	12
2020.03.19	74.332	76.497	74.091	76.419	156189	0	15
2020.03.20	76.419	77.780	76.191	77.292	135294	0	15
2020.03.23	77.145	77.157	75.964	76.658	109603	0	14
2020.03.24	76.577	77.108	76.216	76.917	91285	0	11
2020.03.25	76.917	78.466	76.693	78.254	84645	0	15
2020.03.26	78.254	78.377	77.275	77.810	95856	0	15
2020.03.27	77.861	77.923	76.595	77.070	82020	0	14
2020.03.30	76.810	76.987	75.986	76.029	63782	0	14
2020.03.31	76.029	76.722	75.416	76.425	72938	0	15
2020.04.01	76.386	76.521	75.138	75.492	66158	0	13
2020.04.02	75.482	76.551	74.955	76.294	64729	0	14
2020.04.03	76.281	76.952	76.055	76.319	59769	0	15
2020.04.06	76.121	77.575	75.884	77.371	58877	0	13
2020.04.07	77.373	78.168	77.069	77.707	65903	0	13
2020.04.08	77.704	77.826	77.224	77.644	52132	0	15
2020.04.09	77.644	77.950	77.226	77.555	57589	0	14
2020.04.10	77.555	77.716	77.367	77.651	22816	0	15
2020.04.13	77.822	77.842	76.993	77.488	38177	0	16
2020.04.14	77.490	77.699	76.912	77.219	38939	0	13
2020.04.15	77.218	77.227	76.046	76.087	45656	0	10
2020.04.16	76.101	76.626	75.926	76.626	45786	0	8
2020.04.17	76.628	77.077	76.307	76.749	51060	0	16
2020.04.20	76.595	76.801	76.039	76.040	44032	0	9
2020.04.21	76.047	76.315	75.302	75.851	64039	0	10
2020.04.22	75.849	76.400	75.570	76.086	47820	0	5
2020.04.23	76.088	76.884	75.868	76.428	51217	0	6
2020.04.24	76.429	76.700	76.084	76.230	38717	0	15
2020.04.27	76.234	76.453	76.038	76.366	39136	0	11
2020.04.28	76.360	76.542	76.155	76.323	41533	0	8
2020.04.29	76.309	76.835	76.250	76.791	36559	0	13
2020.04.30	76.789	77.245	76.558	76.810	45012	0	15
2020.05.01	76.809	76.948	75.663	75.891	39431	0	15
2020.05.04	75.799	76.033	75.397	75.720	43500	0	15
2020.05.05	75.722	76.120	75.652	75.726	39351	0	13
2020.05.06	75.733	75.897	74.910	74.972	41456	0	15
2020.05.07	74.973	76.199	74.767	76.022	43506	0	14
2020.05.08	76.020	76.634	75.930	76.551	37585	0	15
2020.05.11	76.396	77.052	76.359	76.807	43045	0	15
2020.05.12	76.814	76.855	76.070	76.075	36826	0	13
2020.05.13	76.070	76.358	75.791	75.866	45374	0	13
2020.05.14	75.867	76.475	75.568	76.308	43016	0	13
2020.05.15	76.298	76.517	75.779	75.913	41009	0	16
2020.05.18	75.852	76.996	75.818	76.945	34944	0	15
2020.05.19	76.930	77.810	76.823	77.218	41042	0	15
2020.05.20	77.214	77.562	77.140	77.278	34560	0	15
2020.05.21	77.201	77.511	77.056	77.083	36594	0	15
2020.05.22	77.084	77.256	76.515	76.826	34012	0	14
2020.05.25	76.856	77.088	76.794	76.920	26691	0	15
2020.05.26	76.920	78.167	76.909	77.986	38091	0	13
2020.05.27	77.964	78.517	77.775	78.301	48714	0	14
2020.05.28	78.309	78.491	78.030	78.166	47229	0	13
2020.05.29	78.168	78.386	77.766	78.283	55793	0	15
2020.06.01	78.139	79.330	78.013	79.254	45534	0	13
2020.06.02	79.256	80.522	79.133	80.362	47830	0	15
2020.06.03	80.366	80.784	79.949	80.678	54759	0	14
2020.06.04	80.677	80.943	80.220	80.828	52345	0	14
2020.06.05	80.808	81.904	80.696	81.606	53424	0	14
2020.06.08	81.671	81.865	80.816	81.009	44872	0	15
2020.06.09	81.001	81.108	79.942	80.282	54017	0	14
2020.06.10	80.285	80.410	79.771	79.849	58666	0	15
2020.06.11	79.838	79.934	78.369	78.391	69954	0	15
2020.06.12	78.388	79.469	78.009	79.010	77328	0	15
2020.06.15	78.787	79.219	78.309	79.071	66950	0	14
2020.06.16	79.068	79.639	78.771	79.263	65466	0	15
2020.06.17	79.250	79.486	78.765	78.864	51508	0	16
2020.06.18	78.867	79.132	78.421	78.650	54152	0	17
2020.06.19	78.649	78.898	78.448	78.541	45921	0	14
2020.06.22	78.410	79.072	78.352	79.044	38917	0	15
2020.06.23	79.050	79.326	78.488	78.606	52143	0	9
2020.06.24	78.600	78.847	78.372	78.483	50807	0	7
2020.06.25	78.481	78.760	78.320	78.590	46726	0	6
2020.06.26	78.589	78.631	78.105	78.308	38799	0	8
2020.06.29	78.242	78.855	78.192	78.752	39337	0	6
2020.06.30	78.746	79.552	78.607	79.493	43112	0	7
2020.07.01	79.469	79.684	78.977	79.085	39076	0	12
2020.07.02	79.087	79.320	78.923	79.241	35772	0	10
2020.07.03	79.240	79.342	79.147	79.283	25688	0	12
2020.07.06	79.198	79.627	79.165	79.252	29889	0	12
2020.07.07	79.264	79.410	79.001	79.029	32570	0	10
2020.07.08	79.034	79.458	78.934	79.368	34354	0	9
2020.07.09	79.369	79.531	78.830	78.902	38118	0	9
2020.07.10	78.889	78.959	78.377	78.613	35463	0	9
2020.07.13	78.637	79.213	78.567	78.833	32790	0	6
2020.07.14	78.830	78.895	78.595	78.749	41569	0	8
2020.07.15	78.748	79.187	78.542	79.149	37088	0	10
2020.07.16	79.146	79.279	78.987	78.994	34842	0	9
2020.07.17	79.006	79.109	78.729	78.776	22864	0	9
2020.07.20	78.817	79.320	78.734	79.237	27091	0	10
2020.07.21	79.225	79.726	79.102	79.341	29700	0	7
2020.07.22	79.345	79.973	79.265	79.857	31673	0	5
2020.07.23	79.826	80.135	79.618	79.673	36560	0	7
2020.07.24	79.674	79.757	78.644	79.087	45432	0	6
2020.07.27	78.933	79.111	78.446	78.886	42944	0	8
2020.07.28	78.882	79.035	78.320	78.541	43199	0	9
2020.07.29	78.491	78.720	78.453	78.619	42554	0	11
2020.07.30	78.607	78.802	77.816	78.012	49194	0	9
2020.07.31	78.013	79.091	77.601	78.937	60322	0	12
2020.08.03	78.870	79.303	78.679	79.105	51271	0	5
2020.08.04	79.058	79.378	79.010	79.368	40282	0	10
2020.08.05	79.370	79.847	79.220	79.589	43779	0	10
2020.08.06	79.570	79.623	79.226	79.294	45971	0	7
2020.08.07	79.308	79.412	78.949	79.107	44679	0	14
2020.08.10	79.005	79.374	78.958	79.361	29988	0	9
2020.08.11	79.315	80.297	79.277	80.053	43932	0	5
2020.08.12	80.064	80.818	79.899	80.700	46793	0	7
2020.08.13	80.651	80.977	80.496	80.850	42714	0	11
2020.08.14	80.841	80.945	80.274	80.320	29793	0	10
2020.08.17	80.342	80.503	80.195	80.203	30193	0	9
2020.08.18	80.193	80.277	79.880	80.035	38376	0	11
2020.08.19	80.037	80.355	79.872	80.267	43279	0	11
2020.08.20	80.267	80.376	79.987	80.220	45449	0	9
2020.08.21	80.227	80.317	79.887	80.195	40565	0	5
2020.08.24	80.199	80.479	80.016	80.169	32307	0	8
2020.08.25	80.169	80.786	80.032	80.757	38010	0	10
2020.08.26	80.747	80.935	80.531	80.624	35985	0	7
2020.08.27	80.638	81.272	80.500	81.162	50542	0	10
2020.08.28	81.171	81.569	80.289	80.422	56685	0	14
2020.08.31	80.410	81.409	80.240	81.160	47550	0	7
2020.09.01	81.148	81.451	80.969	81.093	49241	0	8
2020.09.02	81.100	81.434	81.017	81.391	42040	0	11
2020.09.03	81.393	81.436	80.571	80.875	46856	0	14
2020.09.04	80.869	81.399	80.700	81.330	48688	0	12
2020.09.07	81.380	81.385	80.969	81.087	26357	0	11
2020.09.08	81.084	81.192	80.082	80.091	43212	0	8
2020.09.09	80.090	80.790	79.804	80.759	42556	0	12
2020.09.10	80.762	80.879	80.363	80.433	42253	0	11
2020.09.11	80.431	80.763	80.340	80.498	34174	0	13
2020.09.14	80.420	80.635	80.111	80.237	29041	0	9
2020.09.15	80.238	80.434	79.888	79.953	27837	0	10
2020.09.16	79.953	79.983	79.503	79.630	38299	0	9
2020.09.17	79.623	79.713	79.057	79.528	39783	0	11
2020.09.18	79.533	79.760	79.019	79.183	31402	0	13
2020.09.21	79.134	79.268	78.513	78.629	39732	0	11
2020.09.22	78.626	78.945	78.361	78.865	36998	0	2
2020.09.23	78.858	79.091	78.660	78.720	38549	0	0
2020.09.24	78.731	79.078	78.477	78.887	41110	0	1
2020.09.25	78.891	79.048	78.697	78.828	32924	0	1
2020.09.28	78.770	78.968	78.600	78.884	28814	0	1
2020.09.29	78.874	79.099	78.759	78.898	31424	0	2
2020.09.30	78.896	79.300	78.565	79.179	43485	0	2
2020.10.01	79.126	79.559	79.095	79.399	39236	0	3
2020.10.02	79.396	79.483	78.748	79.149	49139	0	1
2020.10.05	79.081	79.774	79.080	79.695	32806	0	1
2020.10.06	79.692	79.799	79.262	79.332	36567	0	3
2020.10.07	79.332	79.956	79.184	79.950	33489	0	3
2020.10.08	79.939	80.350	79.842	80.335	29925	0	0
2020.10.09	80.339	80.604	80.230	80.533	30944	0	3
2020.10.12	80.504	80.628	80.258	80.288	24797	0	5
2020.10.13	80.320	80.522	80.121	80.264	30748	0	2
2020.10.14	80.262	80.345	79.853	79.982	30574	0	1
2020.10.15	79.996	80.088	79.443	79.729	35706	0	2
2020.10.16	79.757	79.991	79.464	79.856	31313	0	3
2020.10.19	79.820	80.193	79.802	79.928	27462	0	1
2020.10.20	79.908	80.519	79.847	80.350	29954	0	1
2020.10.21	80.351	80.470	79.503	79.556	34496	0	1
2020.10.22	79.559	79.888	79.399	79.818	32220	0	1
2020.10.23	79.820	79.911	79.582	79.762	29475	0	1
2020.10.26	79.688	79.764	79.296	79.396	32143	0	3
2020.10.27	79.392	79.534	79.148	79.206	28371	0	1
2020.10.28	79.206	79.265	78.219	78.280	40967	0	1
2020.10.29	78.278	78.628	77.913	78.496	40967	0	1
2020.10.30	78.496	78.703	78.071	78.519	45007	0	1
2020.11.02	78.412	79.256	78.209	79.226	39028	0	1
2020.11.03	79.217	79.822	78.983	79.431	37746	0	3
2020.11.04	79.555	79.860	78.873	79.503	78083	0	0
2020.11.05	79.509	79.701	79.184	79.315	75454	0	0
2020.11.06	79.293	79.389	78.955	79.144	70173	0	0
2020.11.09	79.116	81.425	79.036	80.999	85995	0	0
2020.11.10	80.995	81.103	80.560	80.777	71129	0	0
2020.11.11	80.778	80.952	80.575	80.692	48710	0	1
2020.11.12	80.695	80.735	79.931	79.978	48764	0	0
2020.11.13	79.976	80.097	79.411	79.640	43042	0	0
2020.11.16	79.651	80.341	79.517	79.971	49678	0	0
2020.11.17	79.980	80.000	79.385	79.505	46408	0	0
2020.11.18	79.497	79.664	79.239	79.357	47997	0	0
2020.11.19	79.359	79.491	79.228	79.345	46586	0	0
2020.11.20	79.342	79.581	79.256	79.282	41215	0	1
2020.11.23	79.215	79.955	79.201	79.835	49876	0	0
2020.11.24	79.807	80.413	79.728	80.344	55388	0	0
2020.11.25	80.343	80.479	80.115	80.311	52124	0	0
2020.11.26	80.313	80.342	80.050	80.065	35341	0	0
2020.11.27	80.075	80.249	79.841	80.105	39782	0	0
2020.11.30	79.950	80.647	79.881	80.211	53246	0	0
2020.12.01	80.211	80.757	80.131	80.635	48779	0	0
2020.12.02	80.633	81.012	80.544	80.820	51493	0	0
2020.12.03	80.827	80.909	80.426	80.722	50557	0	1
2020.12.04	80.712	81.564	80.601	81.489	53466	0	0
2020.12.07	81.437	81.556	81.164	81.295	48850	0	0
2020.12.08	81.296	81.476	81.170	81.242	47403	0	0
2020.12.09	81.244	81.627	81.184	81.292	46875	0	0
2020.12.10	81.303	82.119	81.177	81.813	51984	0	0
2020.12.11	81.812	81.829	81.291	81.492	47447	0	0
2020.12.14	81.439	81.624	81.301	81.487	47266	0	0
2020.12.15	81.488	81.724	81.379	81.618	42193	0	0
2020.12.16	81.620	81.653	80.955	81.118	47857	0	0
2020.12.17	81.129	81.312	80.930	81.038	45408	0	0
2020.12.18	81.014	81.303	80.713	80.819	46261	0	0
2020.12.21	80.877	80.878	80.147	80.352	68430	0	0
2020.12.22	80.349	80.466	80.142	80.281	50892	0	1
2020.12.23	80.277	80.712	80.180	80.579	34981	0	1
2020.12.24	80.579	80.909	80.500	80.702	30572	0	0
2020.12.28	80.372	80.862	80.372	80.699	39977	0	2
2020.12.29	80.737	81.051	80.647	80.796	26927	0	1
2020.12.30	80.796	81.039	80.531	80.801	29499	0	4
2020.12.31	80.822	81.176	80.703	81.141	38384	0	0
2021.01.04	80.934	81.194	80.605	80.671	59629	0	0
2021.01.05	80.663	81.112	80.557	81.074	65096	0	0
2021.01.06	81.075	81.536	80.957	81.269	84485	0	0
2021.01.07	81.255	81.938	81.165	81.782	48178	0	1
2021.01.08	81.756	81.987	81.610	81.900	54148	0	1
2021.01.11	81.651	81.850	81.235	81.534	46023	0	0
2021.01.12	81.542	81.815	81.428	81.613	47110	0	1
2021.01.13	81.612	81.918	81.452	81.787	47421	0	0
2021.01.14	81.787	82.186	81.628	82.102	48358	0	0
2021.01.15	82.127	82.147	81.314	81.522	45297	0	0
2021.01.18	81.420	81.595	81.084	81.247	39867	0	0
2021.01.19	81.250	81.790	81.186	81.575	39672	0	0
2021.01.20	81.566	82.122	81.440	81.895	41493	0	1
2021.01.21	81.896	82.207	81.827	81.885	41769	0	0
2021.01.22	81.883	81.917	81.480	81.485	40196	0	2
2021.01.25	81.561	81.772	81.238	81.415	43179	0	1
2021.01.26	81.416	81.686	81.162	81.611	35421	0	1
2021.01.27	81.605	81.699	81.222	81.281	55708	0	0
2021.01.28	81.295	81.556	80.984	81.228	58005	0	0
2021.01.29	81.220	82.190	81.111	81.932	67737	0	1
2021.02.01	81.851	82.048	81.573	81.613	56379	0	0
2021.02.02	81.612	82.147	81.532	82.121	48551	0	0
2021.02.03	82.123	82.286	81.993	82.138	42176	0	1
2021.02.04	82.137	82.357	82.073	82.251	42284	0	0
2021.02.05	82.238	82.629	82.196	82.576	43336	0	0
2021.02.08	82.494	82.710	82.399	82.583	38581	0	1
2021.02.09	82.585	82.617	81.962	82.380	37897	0	1
2021.02.10	82.358	82.559	82.216	82.331	34541	0	1
2021.02.11	82.330	82.670	82.278	82.415	39703	0	1
2021.02.12	82.425	82.771	82.333	82.674	47261	0	1
2021.02.15	82.677	83.399	82.633	83.345	35301	0	1
2021.02.16	83.316	83.747	83.228	83.532	51670	0	1
2021.02.17	83.539	83.620	83.031	83.301	62623	0	1
2021.02.18	83.311	83.420	83.109	83.329	50827	0	1
2021.02.19	83.322	83.861	83.100	83.551	52335	0	1
2021.02.22	83.462	83.942	83.153	83.266	54698	0	1
2021.02.23	83.270	83.702	83.196	83.601	56171	0	1
2021.02.24	83.602	84.652	83.514	84.610	68348	0	1
2021.02.25	84.592	85.097	84.185	84.206	91261	0	1
2021.02.26	84.187	84.425	83.613	83.676	111499	0	1
2021.03.01	83.602	84.469	83.572	84.414	62473	0	1
2021.03.02	84.415	84.710	84.109	84.403	63887	0	1
2021.03.03	84.409	84.864	84.360	84.548	67502	0	1
2021.03.04	84.526	85.538	84.439	85.231	90182	0	1
2021.03.05	85.231	85.683	84.938	85.669	88457	0	1
2021.03.08	85.487	86.110	85.454	85.936	75614	0	1
2021.03.09	85.946	86.381	85.729	85.810	71599	0	1
2021.03.10	85.803	86.047	85.757	85.867	68546	0	1
2021.03.11	85.861	86.606	85.837	86.549	60507	0	1
2021.03.12	86.547	87.489	86.490	87.345	60545	0	1
2021.03.15	87.316	87.666	87.214	87.422	53293	0	1
2021.03.16	87.423	87.642	87.225	87.574	50686	0	1
2021.03.17	87.575	87.783	87.412	87.719	54080	0	1
2021.03.18	87.713	88.082	86.887	87.159	72936	0	1
2021.03.19	87.163	87.302	86.809	87.055	57873	0	1
2021.03.22	86.706	87.202	86.689	86.887	37393	0	1
2021.03.23	86.887	86.925	86.073	86.314	45082	0	1
2021.03.24	86.316	86.809	86.090	86.394	46601	0	1
2021.03.25	86.394	86.939	86.373	86.576	47560	0	1
2021.03.26	86.576	87.399	86.564	87.242	38511	0	1
2021.03.29	87.183	87.268	86.632	87.207	37591	0	1
2021.03.30	87.205	87.645	87.104	87.296	38576	0	1
2021.03.31	87.287	88.240	87.268	88.116	44910	0	1
2021.04.01	88.110	88.235	87.835	88.097	40355	0	1
2021.04.02	88.080	88.304	87.857	87.925	28702	0	1
2021.04.05	87.859	88.194	87.817	87.928	31719	0	1
2021.04.06	87.929	88.093	87.283	87.310	40314	0	1
2021.04.07	87.219	87.380	86.854	87.093	44610	0	1
2021.04.08	87.091	87.122	86.503	86.949	41135	0	1
2021.04.09	86.949	87.577	86.757	87.489	39149	0	1
2021.04.12	87.140	87.592	87.020	87.032	37381	0	1
2021.04.13	87.034	87.259	86.570	86.989	42296	0	1
2021.04.14	86.989	87.159	86.624	86.966	38785	0	1
2021.04.15	86.960	87.189	86.600	86.681	41430	0	1
2021.04.16	86.680	87.117	86.558	86.980	35655	0	1
2021.04.19	86.858	86.981	86.184	86.247	43704	0	1
2021.04.20	86.226	86.905	85.645	85.689	46461	0	1
2021.04.21	85.682	86.789	85.425	86.445	43459	0	1
2021.04.22	86.436	86.723	86.192	86.297	43314	0	1
2021.04.23	86.294	86.579	86.007	86.455	38426	0	1
2021.04.26	86.342	87.323	86.340	87.145	39910	0	1
2021.04.27	87.141	87.718	87.104	87.647	36635	0	1
2021.04.28	87.626	88.276	87.524	88.164	45324	0	1
2021.04.29	88.133	88.857	88.033	88.646	40636	0	1
2021.04.30	88.659	89.047	88.530	88.919	42341	0	1
2021.05.03	88.788	89.177	88.646	88.819	34643	0	1
2021.05.04	88.799	88.957	88.432	88.786	45347	0	1
2021.05.05	88.774	89.158	88.700	88.989	35016	0	1
2021.05.06	88.991	89.833	88.887	89.769	47450	0	1
2021.05.07	89.757	89.837	89.072	89.533	46427	0	1
2021.05.10	89.524	90.114	89.375	89.857	43034	0	1
2021.05.11	89.869	90.061	89.360	89.742	50190	0	1
2021.05.12	89.738	90.642	89.682	90.366	58378	0	1
2021.05.13	90.363	90.582	89.734	89.972	54007	0	1
2021.05.14	89.969	90.507	89.908	90.324	40573	0	1
2021.05.17	90.094	90.535	89.869	90.463	39583	0	1
2021.05.18	90.479	90.738	90.187	90.194	40542	0	1
2021.05.19	90.205	90.583	89.582	90.007	60417	0	1
2021.05.20	90.003	90.285	89.722	90.158	48209	0	1
2021.05.21	90.162	90.463	89.854	90.288	44438	0	1
2021.05.24	90.158	90.374	90.014	90.267	37580	0	1
2021.05.25	90.255	90.506	90.085	90.085	49385	0	1
2021.05.26	90.085	90.364	89.859	90.004	45610	0	1
2021.05.27	90.001	91.066	89.911	90.946	49892	0	1
2021.05.28	90.945	91.166	90.757	90.959	46196	0	1
2021.05.31	90.925	91.012	90.524	90.778	32271	0	1
2021.06.01	90.725	91.185	90.626	90.662	42408	0	1
2021.06.02	90.662	91.072	90.579	91.004	38233	0	1
2021.06.03	91.001	91.147	90.899	91.061	44968	0	1
2021.06.04	91.050	91.111	90.462	90.714	40741	0	1
2021.06.07	90.656	90.783	90.322	90.412	36233	0	1
2021.06.08	90.370	90.662	90.336	90.377	44037	0	1
2021.06.09	90.382	90.705	90.296	90.495	39613	0	1
2021.06.10	90.491	90.791	90.318	90.356	50020	0	1
2021.06.11	90.334	90.595	90.092	90.149	43701	0	1
2021.06.14	90.071	90.675	90.048	90.591	41709	0	1
2021.06.15	90.597	90.744	90.232	90.264	43304	0	1
2021.06.16	90.283	90.428	89.973	90.155	48930	0	1
2021.06.17	90.159	90.252	89.021	89.197	60589	0	1
2021.06.18	89.066	89.366	88.346	88.380	55929	0	1
2021.06.21	88.165	89.302	87.963	89.180	65297	0	1
2021.06.22	89.181	89.963	89.018	89.860	49208	0	1
2021.06.23	89.861	90.404	89.751	90.138	48520	0	1
2021.06.24	90.144	90.321	89.827	89.950	54605	0	1
2021.06.25	89.909	90.217	89.809	90.066	44344	0	1
2021.06.28	89.887	90.163	89.539	89.622	43110	0	1
2021.06.29	89.635	89.678	89.054	89.054	40856	0	1
2021.06.30	89.055	89.734	88.903	89.588	55675	0	1
2021.07.01	89.588	90.112	89.496	89.615	50194	0	1
2021.07.02	89.599	90.188	89.541	90.047	50000	0	1
2021.07.05	89.859	90.173	89.686	89.863	42128	0	1
2021.07.06	89.863	90.103	88.485	88.729	51716	0	1
2021.07.07	88.729	89.130	88.404	88.588	61211	0	1
2021.07.08	88.588	88.706	87.104	87.511	74826	0	1
2021.07.09	87.528	88.498	87.301	88.418	59480	0	1
2021.07.12	88.245	88.637	87.986	88.610	42532	0	1
2021.07.13	88.597	88.715	88.015	88.378	48433	0	1
2021.07.14	88.363	88.568	87.841	87.844	49983	0	1
2021.07.15	87.844	87.916	87.056	87.165	54458	0	1
2021.07.16	87.148	87.724	87.081	87.234	50269	0	1
2021.07.19	87.159	87.269	85.425	85.834	69007	0	1
2021.07.20	85.788	86.669	85.536	86.583	64752	0	1
2021.07.21	86.574	88.001	86.263	87.753	58179	0	1
2021.07.22	87.755	87.948	87.432	87.596	51267	0	1
2021.07.23	87.596	88.042	87.545	87.964	45687	0	1
2021.07.26	87.891	88.020	87.506	87.839	46925	0	1
2021.07.27	87.839	88.002	87.080	87.087	56140	0	1
2021.07.28	87.075	87.826	87.035	87.675	62689	0	1
2021.07.29	87.671	88.172	87.554	87.901	48857	0	1
2021.07.30	87.909	88.295	87.774	87.971	50054	0	1
2021.08.02	87.729	88.067	87.266	87.311	41480	0	1
2021.08.03	87.311	87.501	86.576	86.924	49636	0	1
2021.08.04	86.913	87.439	86.664	87.282	50033	0	1
2021.08.05	87.276	87.937	87.183	87.685	47731	0	1
2021.08.06	87.790	88.036	87.654	87.771	42067	0	1
2021.08.09	87.713	87.867	87.594	87.623	44133	0	1
2021.08.10	87.618	88.326	87.618	88.278	42965	0	1
2021.08.11	88.274	88.462	88.213	88.285	45330	0	1
2021.08.12	88.263	88.377	88.058	88.078	38894	0	1
2021.08.13	88.072	88.220	87.508	87.564	35260	0	1
2021.08.16	87.454	87.687	86.741	86.832	44244	0	1
2021.08.17	86.823	86.974	86.394	86.730	50931	0	1
2021.08.18	86.720	87.144	86.613	86.691	51853	0	1
2021.08.19	86.686	86.843	85.477	85.477	67882	0	1
2021.08.20	85.481	85.737	84.671	85.614	56029	0	1
2021.08.23	85.438	86.763	85.342	86.651	48942	0	1
2021.08.24	86.686	87.167	86.615	87.087	44676	0	1
2021.08.25	87.087	87.402	86.889	87.390	47647	0	1
2021.08.26	87.323	87.498	86.660	86.755	52926	0	1
2021.08.27	86.751	87.187	86.547	87.078	49694	0	1
2021.08.30	86.945	87.431	86.893	87.179	36405	0	1
2021.08.31	87.161	87.434	86.808	87.184	58603	0	1
2021.09.01	87.161	87.726	87.120	87.155	52594	0	1
2021.09.02	87.155	87.641	86.997	87.564	44627	0	1
2021.09.03	87.543	87.886	87.431	87.562	54485	0	1
2021.09.06	87.486	87.736	87.486	87.628	32806	0	1
2021.09.07	87.587	87.721	87.154	87.188	54148	0	1
2021.09.08	87.144	87.349	86.457	86.871	60446	0	1
2021.09.09	86.837	86.900	86.378	86.621	60884	0	1
2021.09.10	86.578	87.313	86.516	86.603	52044	0	1
2021.09.13	86.542	87.015	86.510	86.956	47956	0	1
2021.09.14	86.925	87.238	86.325	86.401	54703	0	1
2021.09.15	86.382	86.630	85.959	86.551	54011	0	1
2021.09.16	86.586	86.816	86.319	86.493	53855	0	1
2021.09.17	86.480	87.020	86.095	86.106	52844	0	1
2021.09.20	86.057	86.216	84.901	85.316	57003	0	1
2021.09.21	85.304	86.023	85.027	85.176	56315	0	1
2021.09.22	85.127	86.262	85.057	85.949	57729	0	1
2021.09.23	85.920	87.201	85.843	87.165	59799	0	1
2021.09.24	87.159	87.628	86.834	87.492	54023	0	1
2021.09.27	87.440	87.976	87.395	87.886	55655	0	1
2021.09.28	87.862	88.315	87.624	87.854	82042	0	1
2021.09.29	87.815	88.089	87.640	87.770	76961	0	1
2021.09.30	87.712	88.308	87.637	87.757	78192	0	1
2021.10.01	87.696	87.963	87.180	87.864	85599	0	1
2021.10.04	87.793	88.523	87.672	88.096	76475	0	1
2021.10.05	88.080	88.830	87.967	88.572	68183	0	1
2021.10.06	88.568	88.750	87.996	88.481	83353	0	1
2021.10.07	88.447	88.998	88.340	88.912	56672	0	1
2021.10.08	88.879	90.057	88.866	89.963	60239	0	1
2021.10.11	89.778	91.023	89.778	90.767	52913	0	1
2021.10.12	90.713	91.408	90.536	91.110	66685	0	1
2021.10.13	91.093	91.349	90.922	91.004	59155	0	1
2021.10.14	90.988	92.000	90.908	91.886	52378	0	1
2021.10.15	91.872	92.667	91.775	92.410	59691	0	1
2021.10.18	92.356	92.561	92.007	92.339	57739	0	1
2021.10.19	92.306	92.700	92.241	92.495	49544	0	1
2021.10.20	92.427	92.864	92.343	92.803	54848	0	1
2021.10.21	92.752	93.018	91.890	92.146	59233	0	1
2021.10.22	92.100	92.489	91.650	91.745	61740	0	1
2021.10.25	91.766	92.143	91.688	91.835	51681	0	2
2021.10.26	91.795	92.514	91.748	92.110	47418	0	2
2021.10.27	92.078	92.470	91.244	92.112	64557	0	2
2021.10.28	92.032	92.112	91.703	91.975	69791	0	2
2021.10.29	91.945	92.259	91.714	92.016	63520	0	2
2021.11.01	92.098	92.488	92.053	92.138	54465	0	2
2021.11.02	92.091	92.236	91.425	91.829	54855	0	2
2021.11.03	91.797	92.057	91.551	92.003	57279	0	2
2021.11.04	91.985	92.203	91.123	91.308	60581	0	2
2021.11.05	91.291	91.563	90.986	91.025	58638	0	2
2021.11.08	90.969	91.298	90.741	90.987	48476	0	2
2021.11.09	90.963	91.029	90.418	90.708	62900	0	2
2021.11.10	90.662	91.704	90.634	91.142	68046	0	2
2021.11.11	91.191	91.357	90.459	90.665	55547	0	2
2021.11.12	90.645	90.856	90.437	90.768	50577	0	2
2021.11.15	90.726	91.237	90.665	91.173	47396	0	2
2021.11.16	91.140	91.474	91.075	91.378	57418	0	2
2021.11.17	91.381	91.597	90.339	90.481	57887	0	2
2021.11.18	90.481	90.731	90.226	90.651	55561	0	2
2021.11.19	90.595	90.847	89.709	90.163	68472	0	2
2021.11.22	90.059	90.597	90.043	90.439	57891	0	2
2021.11.23	90.401	90.945	89.954	90.880	74651	0	2
2021.11.24	90.856	91.234	90.538	91.104	71004	0	2
2021.11.25	91.101	91.267	90.954	91.198	40118	0	2
2021.11.26	91.148	91.177	88.396	88.595	107903	0	2
2021.11.29	89.096	89.443	88.595	89.095	89423	0	2
2021.11.30	89.067	89.392	88.019	88.542	107055	0	2
2021.12.01	88.511	89.265	87.871	87.962	87730	0	2
2021.12.02	87.931	88.670	87.810	88.363	93660	0	2
2021.12.03	88.296	89.122	87.702	87.802	89357	0	2
2021.12.06	87.871	88.997	87.871	88.941	74741	0	2
2021.12.07	88.908	89.923	88.819	89.839	63946	0	2
2021.12.08	89.812	90.361	89.490	89.856	80147	0	2
2021.12.09	89.856	89.918	89.145	89.281	67350	0	2
2021.12.10	89.285	89.599	88.986	89.094	67647	0	2
2021.12.13	88.942	89.350	88.510	88.658	63205	0	2
2021.12.14	88.679	88.844	88.362	88.378	67083	0	2
2021.12.15	88.318	88.889	88.071	88.837	71993	0	2
2021.12.16	88.778	89.438	88.640	88.979	78733	0	2
2021.12.17	88.887	89.079	88.127	88.160	80563	0	2
2021.12.20	88.007	88.236	87.437	87.762	81725	0	2
2021.12.21	87.708	88.363	87.625	88.337	58255	0	2
2021.12.22	88.320	88.951	88.192	88.869	56429	0	2
2021.12.23	88.826	89.402	88.776	89.288	44828	0	3
2021.12.24	89.280	89.439	89.107	89.204	67716	0	3
2021.12.27	89.169	89.885	89.169	89.791	39816	0	2
2021.12.28	89.755	89.886	89.450	89.550	40498	0	4
2021.12.29	89.477	89.904	89.433	89.855	42756	0	3
2021.12.30	89.805	90.353	89.772	90.304	37822	0	2
2021.12.31	90.260	91.253	90.231	90.999	38794	0	3
2022.01.03	91.006	91.139	90.219	90.485	43529	0	2
2022.01.04	90.450	91.664	90.331	91.376	55533	0	2
2022.01.05	91.333	91.523	90.857	91.006	56358	0	2
2022.01.06	90.957	91.142	90.294	90.974	71228	0	2
2022.01.07	90.926	91.498	90.911	91.381	52607	0	2
2022.01.10	91.263	91.692	90.629	90.838	57941	0	2
2022.01.11	90.838	91.798	90.762	91.667	56737	0	2
2022.01.12	91.638	92.177	91.461	91.625	56942	0	2
2022.01.13	91.594	91.788	91.142	91.196	47218	0	2
2022.01.14	91.158	91.336	90.542	91.018	69337	0	2
2022.01.17	90.958	91.655	90.886	91.575	34361	0	2
2022.01.18	91.541	92.002	91.217	91.578	72037	0	2
2022.01.19	91.538	91.939	91.283	91.335	67427	0	2
2022.01.20	91.316	91.700	91.187	91.224	70484	0	2
2022.01.21	91.211	91.275	90.282	90.331	82853	0	2
2022.01.24	90.301	90.742	89.566	90.132	95607	0	2
2022.01.25	90.082	90.425	89.800	90.157	92380	0	2
2022.01.26	90.128	91.014	90.079	90.494	83742	0	2
2022.01.27	90.427	91.168	90.098	90.521	105466	0	2
2022.01.28	90.493	90.808	90.047	90.261	91895	0	2
2022.01.31	90.171	90.812	90.171	90.570	73624	0	2
2022.02.01	90.512	90.872	90.190	90.385	69959	0	2
2022.02.02	90.358	90.511	89.947	90.319	60171	0	2
2022.02.03	90.339	90.767	90.122	90.674	69496	0	2
2022.02.04	90.645	90.785	90.136	90.252	70874	0	2
2022.02.07	90.405	90.897	90.244	90.862	61617	0	2
2022.02.08	90.816	91.066	90.726	90.918	61100	0	2
2022.02.09	90.838	91.200	90.739	91.148	52296	0	2
2022.02.10	91.097	91.705	91.032	91.178	74733	0	2
2022.02.11	91.152	91.483	90.270	90.642	79641	0	2
2022.02.14	90.516	90.912	90.021	90.758	91773	0	2
2022.02.15	90.732	91.036	90.391	90.912	67626	0	2
2022.02.16	90.869	91.394	90.740	90.975	70374	0	2
2022.02.17	90.975	91.026	90.340	90.421	84599	0	2
2022.02.18	90.402	90.958	90.172	90.180	75482	0	2
2022.02.21	90.114	90.393	89.931	89.970	55417	0	2
2022.02.22	89.924	90.547	89.684	90.111	90932	0	2
2022.02.23	90.073	90.758	90.036	90.291	65145	0	2
2022.02.24	90.237	90.406	89.232	90.140	134773	0	2
2022.02.25	90.140	90.998	89.927	90.957	91847	0	2
2022.02.28	90.123	91.005	89.968	90.711	79727	0	2
2022.03.01	90.674	90.958	90.012	90.159	73571	0	2
2022.03.02	90.113	91.481	90.081	91.444	84914	0	2
2022.03.03	91.425	91.965	90.929	91.037	74096	0	2
2022.03.04	91.018	91.138	89.801	90.173	96053	0	2
2022.03.07	90.203	90.708	89.919	89.919	103969	0	2
2022.03.08	89.871	90.299	89.659	89.735	98184	0	2
2022.03.09	89.686	90.475	89.630	90.434	74117	0	2
2022.03.10	90.404	91.054	90.285	90.955	68889	0	2
2022.03.11	90.937	92.310	90.839	91.991	69840	0	2
2022.03.14	92.061	92.590	92.023	92.166	70203	0	2
2022.03.15	92.156	92.693	91.584	92.633	77022	0	2
2022.03.16	92.610	93.688	92.582	93.656	75012	0	2
2022.03.17	93.635	94.063	93.468	93.944	64791	0	2
2022.03.18	93.923	94.614	93.769	94.526	56882	0	2
2022.03.21	94.311	94.923	94.302	94.866	42256	0	2
2022.03.22	94.863	96.134	94.832	96.098	71513	0	2
2022.03.23	96.088	96.549	95.708	96.407	70610	0	2
2022.03.24	96.335	97.703	96.220	97.680	71698	0	2
2022.03.25	97.666	97.980	96.727	97.856	80678	0	2
2022.03.28	97.684	100.190	97.684	98.945	104842	0	2
2022.03.29	98.963	99.221	97.579	98.291	96083	0	2
2022.03.30	98.269	98.571	97.091	97.603	94545	0	2
2022.03.31	97.594	98.006	97.056	97.263	89406	0	2
2022.04.01	97.246	98.417	97.176	97.913	79430	0	2
2022.04.04	97.894	98.461	97.612	98.346	65520	0	2
2022.04.05	98.304	99.281	97.991	98.980	76774	0	2
2022.04.06	98.925	99.320	98.640	98.675	89223	0	2
2022.04.07	98.633	98.805	98.193	98.408	81916	0	2
2022.04.08	98.360	98.968	98.245	98.833	81547	0	2
2022.04.11	98.606	99.854	98.526	99.240	83433	0	2
2022.04.12	99.211	99.472	98.991	99.130	90829	0	2
2022.04.13	99.089	100.038	99.071	99.959	85341	0	2
2022.04.14	99.861	100.100	99.577	99.853	89131	0	2
2022.04.15	99.841	100.532	99.762	100.173	74694	0	5
2022.04.18	100.103	100.716	99.961	100.679	64362	0	2
2022.04.19	100.666	102.176	100.553	102.169	100519	0	2
2022.04.20	102.169	102.640	101.719	102.292	114757	0	2
2022.04.21	102.301	102.952	101.859	102.022	104438	0	2
2022.04.22	101.957	102.147	100.934	101.091	108314	0	2
2022.04.25	100.985	101.330	99.810	100.605	117156	0	2
2022.04.26	100.597	101.019	99.144	99.176	112185	0	2
2022.04.27	99.163	100.299	99.000	100.174	107623	0	2
2022.04.28	100.106	102.459	100.083	102.119	127628	0	2
2022.04.29	102.119	102.414	100.783	101.007	106407	0	2
2022.05.02	100.987	101.426	100.616	101.032	102090	0	2
2022.05.03	101.016	101.420	100.861	101.337	93210	0	2
2022.05.04	101.337	101.770	100.894	101.333	93160	0	2
2022.05.05	101.273	101.997	100.957	101.450	118600	0	2
2022.05.06	101.450	101.853	101.017	101.153	120705	0	2
2022.05.09	101.097	101.493	100.072	100.146	115077	0	2
2022.05.10	100.062	100.472	99.603	100.085	122610	0	2
2022.05.11	100.087	100.756	99.570	99.983	122862	0	2
2022.05.12	99.933	100.081	97.799	98.336	141015	0	2
2022.05.13	98.337	100.166	98.214	100.119	107514	0	2
2022.05.16	99.889	100.689	99.164	100.503	107894	0	2
2022.05.17	100.474	101.112	100.268	100.966	99987	0	2
2022.05.18	100.944	101.153	99.390	99.427	102209	0	2
2022.05.19	99.362	100.564	99.113	99.587	136806	0	2
2022.05.20	99.587	100.391	99.274	99.678	119899	0	2
2022.05.23	99.418	100.179	99.253	100.137	93971	0	2
2022.05.24	100.137	100.176	98.294	98.864	109643	0	2
2022.05.25	98.888	99.450	98.462	99.292	108308	0	2
2022.05.26	99.246	99.676	98.695	99.505	92623	0	2
2022.05.27	99.470	99.955	99.292	99.922	86092	0	2
2022.05.30	99.598	100.880	99.598	100.787	58761	0	2
2022.05.31	100.815	101.963	100.642	101.710	106315	0	2
2022.06.01	101.643	103.095	101.605	102.789	97861	0	2
2022.06.02	102.749	103.340	102.455	103.277	87078	0	2
2022.06.03	103.228	104.107	103.092	103.857	78981	0	2
2022.06.06	103.862	104.979	103.615	104.812	82802	0	2
2022.06.07	104.778	105.895	104.772	105.788	103926	0	2
2022.06.08	105.727	107.208	105.709	106.864	101971	0	2
2022.06.09	106.799	107.175	105.704	105.774	115912	0	2
2022.06.10	105.732	105.884	104.596	105.107	116374	0	2
2022.06.13	105.010	105.512	103.827	104.198	144192	0	2
2022.06.14	104.182	104.701	103.683	104.599	145572	0	2
2022.06.15	104.553	104.650	103.465	103.809	149133	0	2
2022.06.16	103.774	104.539	101.655	102.084	153362	0	2
2022.06.17	102.099	104.012	101.995	103.581	153404	0	2
2022.06.20	103.377	104.150	103.373	104.067	94311	0	2
2022.06.21	103.886	105.842	103.796	105.771	112043	0	2
2022.06.22	105.728	105.809	104.590	105.244	118160	0	2
2022.06.23	105.199	105.202	103.528	103.814	133658	0	2
2022.06.24	103.753	104.887	103.494	104.837	113620	0	2
2022.06.27	104.545	105.239	104.201	105.174	108999	0	2
2022.06.28	105.102	106.238	104.949	105.718	117210	0	2
2022.06.29	105.650	106.421	105.441	105.899	127915	0	2
2022.06.30	105.893	106.085	105.133	105.388	123993	0	2
2022.07.01	105.397	105.657	104.158	104.967	122782	0	2
2022.07.04	104.955	105.581	104.474	105.488	74522	0	2
2022.07.05	105.364	106.128	103.645	104.245	119406	0	2
2022.07.06	104.177	104.383	103.362	104.254	138145	0	2
2022.07.07	104.214	104.876	103.833	104.876	102321	0	2
2022.07.08	104.832	105.220	104.105	105.192	114137	0	2
2022.07.11	104.892	105.841	104.851	105.643	106321	0	2
2022.07.12	105.600	105.758	104.637	105.080	120272	0	2
2022.07.13	105.054	106.372	104.879	105.908	118200	0	2
2022.07.14	105.778	106.926	105.272	105.860	133794	0	2
2022.07.15	105.846	106.467	105.491	106.329	102449	0	2
2022.07.18	106.294	107.013	106.115	106.389	93146	0	2
2022.07.19	106.310	107.398	106.073	107.337	100452	0	2
2022.07.20	107.309	107.558	106.978	107.306	98214	0	2
2022.07.21	107.213	107.643	106.669	106.762	121329	0	2
2022.07.22	106.699	107.060	105.257	105.347	116531	0	2
2022.07.25	105.281	106.485	105.063	106.366	96831	0	2
2022.07.26	106.366	106.631	105.848	106.287	90752	0	2
2022.07.27	106.200	106.638	106.074	106.512	107554	0	2
2022.07.28	106.511	106.511	104.573	104.831	116455	0	2
2022.07.29	104.813	105.155	103.552	104.087	123683	0	2
2022.08.01	103.769	104.226	102.430	102.445	112157	0	2
2022.08.02	102.390	103.480	101.411	103.382	138205	0	2
2022.08.03	103.332	104.577	102.883	104.209	132108	0	2
2022.08.04	104.176	104.711	103.266	103.293	116247	0	2
2022.08.05	103.279	104.733	102.952	104.340	108444	0	2
2022.08.08	104.286	105.049	104.282	105.012	99993	0	2
2022.08.09	104.996	105.085	104.616	104.852	91542	0	2
2022.08.10	104.852	104.976	103.263	104.005	108889	0	2
2022.08.11	103.963	104.330	103.224	104.210	101380	0	2
2022.08.12	104.178	104.721	104.080	104.502	101417	0	2
2022.08.15	104.268	104.549	102.590	103.293	96829	0	2
2022.08.16	103.250	104.655	102.903	104.487	110438	0	2
2022.08.17	104.487	104.949	104.207	104.591	112158	0	2
2022.08.18	104.591	105.086	104.300	104.941	99974	0	2
2022.08.19	104.887	105.614	104.805	105.334	101652	0	2
2022.08.22	105.299	105.777	105.024	105.267	94901	0	2
2022.08.23	105.233	105.769	104.867	105.533	109941	0	2
2022.08.24	105.550	105.807	105.077	105.717	105147	0	2
2022.08.25	105.664	105.896	105.423	105.600	97947	0	2
2022.08.26	105.552	106.017	105.284	105.421	100780	0	2
2022.08.29	105.535	106.804	105.512	106.622	92327	0	2
2022.08.30	106.635	106.670	105.788	106.000	100688	0	2
2022.08.31	106.000	106.075	105.597	105.829	104352	0	2
2022.09.01	105.728	106.581	105.479	106.563	108206	0	3
2022.09.02	106.541	107.168	106.397	106.819	92809	0	2
2022.09.05	106.634	107.081	106.568	106.943	68422	0	3
2022.09.06	106.900	108.968	106.862	108.563	100743	0	2
2022.09.07	108.563	110.106	108.422	109.548	128267	0	2
2022.09.08	109.517	110.094	109.166	110.045	111619	0	2
2022.09.09	110.045	110.231	108.901	109.524	121990	0	2
2022.09.12	108.846	110.215	108.761	109.955	95886	0	2
2022.09.13	109.946	110.886	109.192	109.699	116303	0	2
2022.09.14	109.794	109.992	108.252	108.710	123589	0	2
2022.09.15	108.503	109.160	108.371	108.450	86441	0	6
2022.09.16	108.450	108.450	107.483	107.737	86589	0	4
2022.09.19	107.610	108.108	107.467	108.045	69151	0	4
2022.09.20	108.059	108.328	107.397	107.496	67408	0	6
2022.09.21	107.507	107.893	106.922	107.032	103050	0	2
2022.09.22	106.961	108.143	104.565	105.544	111568	0	2
2022.09.23	105.487	105.837	105.156	105.418	89426	0	3
2022.09.26	105.485	106.045	104.704	105.405	133363	0	2
2022.09.27	105.193	105.786	104.987	105.505	107579	0	3
2022.09.28	105.383	105.925	104.614	105.895	110684	0	2
2022.09.29	105.853	105.997	105.135	105.532	114061	0	2
2022.09.30	105.505	105.788	104.631	104.643	98423	0	3
2022.10.03	104.545	106.221	104.545	106.077	97204	0	4
2022.10.04	106.033	106.706	105.904	106.645	91073	0	2
2022.10.05	106.455	106.756	105.704	106.213	86924	0	5
2022.10.06	106.137	106.525	105.445	105.562	92264	0	4
2022.10.07	105.534	106.151	105.240	105.795	84259	0	5
2022.10.10	105.655	106.196	105.655	105.740	82445	0	4
2022.10.11	105.682	106.103	105.103	105.715	104126	0	2
2022.10.12	105.675	106.677	105.559	106.299	102706	0	2
2022.10.13	106.280	107.222	105.052	107.020	113982	0	2
2022.10.14	107.022	107.548	106.840	107.147	98242	0	4
2022.10.17	107.049	108.671	106.889	108.637	93490	0	2
2022.10.18	108.623	108.931	107.793	108.648	120952	0	2
2022.10.19	108.567	108.955	108.397	108.905	108195	0	2
2022.10.20	108.817	109.669	108.574	109.066	114579	0	2
2022.10.21	109.037	110.351	106.929	108.200	152200	0	2
2022.10.24	108.089	109.571	106.826	108.679	142019	0	2
2022.10.25	108.693	108.867	108.117	108.687	117109	0	2
2022.10.26	108.707	109.019	107.349	107.956	133038	0	2
2022.10.27	107.971	108.071	107.094	107.822	117070	0	6
2022.10.28	107.782	108.626	107.608	108.380	108245	0	6
2022.10.31	108.465	109.215	108.303	109.206	102918	0	6
2022.11.01	109.204	109.303	108.382	108.742	114904	0	6
2022.11.02	108.714	108.820	107.469	107.802	123280	0	6
2022.11.03	107.785	108.030	107.159	107.774	113698	0	6
2022.11.04	107.734	109.018	107.660	108.782	122496	0	6
2022.11.07	108.558	108.973	108.188	108.600	110551	0	6
2022.11.08	108.667	108.726	108.112	108.489	99824	0	6
2022.11.09	108.466	108.916	108.140	108.234	102965	0	6
2022.11.10	108.234	108.287	105.307	105.812	125697	0	6
2022.11.11	105.710	106.720	104.339	104.702	130543	0	6
2022.11.14	104.740	105.927	104.586	105.040	125862	0	6
2022.11.15	105.024	105.655	104.080	104.863	149275	0	2
2022.11.16	104.841	105.541	104.492	104.677	133454	0	6
2022.11.17	104.566	105.371	104.235	105.199	124635	0	6
2022.11.18	105.121	105.419	104.353	104.824	116051	0	6
2022.11.21	104.779	105.812	104.598	105.725	109768	0	6
2022.11.22	105.629	105.767	105.326	105.595	99057	0	6
2022.11.23	105.574	105.722	104.094	104.523	107301	0	6
2022.11.24	104.520	104.531	103.412	103.895	84600	0	6
2022.11.25	103.911	104.535	103.693	103.974	87943	0	6
2022.11.28	103.907	104.039	102.317	102.937	121416	0	6
2022.11.29	102.885	103.284	101.356	102.117	125025	0	6
2022.11.30	102.120	103.465	101.921	102.918	120427	0	6
2022.12.01	102.860	102.918	100.557	100.712	127283	0	7
2022.12.02	100.668	100.821	99.482	99.747	117935	0	6
2022.12.05	99.825	101.122	99.677	100.635	106234	0	7
2022.12.06	100.570	101.037	99.838	100.391	97761	0	6
2022.12.07	100.260	100.924	99.825	100.047	105575	0	6
2022.12.08	100.038	100.699	99.764	100.500	89497	0	6
2022.12.09	100.488	100.621	99.576	100.060	94511	0	7
2022.12.12	99.969	101.106	99.969	100.932	87924	0	6
2022.12.13	100.881	101.200	99.467	100.087	115034	0	6
2022.12.14	100.049	100.122	99.302	99.993	112920	0	6
2022.12.15	99.921	101.139	99.741	100.863	109326	0	6
2022.12.16	100.846	100.933	99.511	99.809	96880	0	6
2022.12.19	99.236	100.451	99.232	100.298	96640	0	8
2022.12.20	100.219	100.760	95.846	96.733	142259	0	6
2022.12.21	96.735	97.344	96.474	97.258	99365	0	6
2022.12.22	97.162	97.285	96.723	96.940	93771	0	6
2022.12.23	96.956	97.904	96.624	97.660	77919	0	7
2022.12.26	97.551	97.924	97.394	97.848	8215	0	18
2022.12.27	97.768	98.916	97.706	98.701	59286	0	12
2022.12.28	98.695	99.297	98.507	98.847	85409	0	9
2022.12.29	98.714	98.816	97.977	98.174	78994	0	6
2022.12.30	98.150	98.202	96.456	96.725	92011	0	7
2023.01.02	96.600	96.709	96.157	96.234	16948	0	15
2023.01.03	96.234	96.863	95.396	95.823	129504	0	7
2023.01.04	95.812	98.457	95.517	98.387	120749	0	6
2023.01.05	98.328	98.845	97.623	98.278	110982	0	6
2023.01.06	98.267	98.980	98.088	98.279	109095	0	5
2023.01.09	97.983	99.074	97.924	98.492	104997	0	6
2023.01.10	98.412	98.764	98.170	98.470	101344	0	5
2023.01.11	98.455	98.943	98.296	98.656	92541	0	5
2023.01.12	98.580	98.659	96.535	96.666	124846	0	6
2023.01.13	96.644	96.800	95.079	95.451	112808	0	3
2023.01.16	95.350	96.121	95.239	95.894	61011	0	5
2023.01.17	95.843	96.224	95.637	95.662	82392	0	4
2023.01.18	95.678	98.287	95.371	95.536	115861	0	7
2023.01.19	95.490	95.515	94.629	95.360	99119	0	8
2023.01.20	95.325	96.952	95.290	96.830	83889	0	6
2023.01.23	96.613	97.769	96.508	97.739	86451	0	8
2023.01.24	97.644	97.817	97.153	97.351	88801	0	5
2023.01.25	97.333	97.776	96.338	96.749	93326	0	6
2023.01.26	96.752	97.789	96.286	97.727	85866	0	7
2023.01.27	97.719	97.742	97.240	97.539	79161	0	8
2023.01.30	97.324	97.870	96.995	97.430	62789	0	6
2023.01.31	97.398	97.868	96.711	97.766	62423	0	4
2023.02.01	97.673	97.960	96.637	97.010	73180	0	2
2023.02.02	96.981	97.229	96.368	96.644	80333	0	5
2023.02.03	96.545	98.066	96.043	97.854	90120	0	6
2023.02.06	98.611	98.857	98.081	98.635	109714	0	7
2023.02.07	98.589	98.713	97.465	97.794	117000	0	6
2023.02.08	97.786	98.063	97.585	97.705	101638	0	6
2023.02.09	97.663	98.054	97.341	97.766	97965	0	6
2023.02.10	97.754	98.548	96.627	98.443	123715	0	8
2023.02.13	98.288	99.542	98.288	99.307	87470	0	6
2023.02.14	99.284	99.807	98.817	99.800	111140	0	6
2023.02.15	99.789	100.277	99.316	100.148	93655	0	8
2023.02.16	100.104	100.158	99.440	99.523	96153	0	6
2023.02.17	99.522	99.940	99.394	99.542	84377	0	7
2023.02.20	99.522	99.816	99.396	99.799	54670	0	3
2023.02.21	99.702	100.295	99.531	99.735	46903	0	5
2023.02.22	99.667	99.795	99.283	99.555	47564	0	5
2023.02.23	99.439	99.903	99.263	99.391	58141	0	3
2023.02.24	99.413	100.309	99.032	100.293	90373	0	6
2023.02.27	100.140	100.511	100.001	100.347	66039	0	6
2023.02.28	100.331	100.873	99.703	99.806	43667	0	3
2023.03.01	99.815	100.222	99.487	100.212	49870	0	8
2023.03.02	100.185	100.593	100.035	100.574	46181	0	8
2023.03.03	100.564	100.626	99.665	99.893	48004	0	8
2023.03.06	99.889	100.089	99.590	99.852	40919	0	6
2023.03.07	99.816	100.015	99.462	99.710	49723	0	8
2023.03.08	99.695	100.174	99.088	99.521	49012	0	6
2023.03.09	99.466	99.505	98.354	98.429	41819	0	7
2023.03.10	98.453	99.017	97.223	97.665	86109	0	6
2023.03.13	96.916	98.071	95.944	96.914	161543	0	6
2023.03.14	96.913	98.698	96.832	98.083	124353	0	6
2023.03.15	98.079	98.624	95.893	96.845	139718	0	7
2023.03.16	96.835	97.551	95.725	97.325	141133	0	7
2023.03.17	97.329	97.413	95.806	95.969	112529	0	8
2023.03.20	96.102	96.868	95.027	96.069	127415	0	6
2023.03.21	96.030	96.927	95.782	96.544	92269	0	6
2023.03.22	96.542	97.115	95.456	95.632	96021	0	6
2023.03.23	95.633	96.321	94.892	95.396	105475	0	6
2023.03.24	95.366	95.443	94.064	95.133	114149	0	6
2023.03.27	94.829	96.487	94.829	96.306	87513	0	6
2023.03.28	96.281	96.305	95.493	96.267	84879	0	7
2023.03.29	96.233	97.999	96.080	97.977	82074	0	7
2023.03.30	97.967	98.205	97.568	98.134	78392	0	6
2023.03.31	98.094	98.741	97.934	98.269	86057	0	7
2023.04.03	98.752	99.054	98.243	98.522	89796	0	7
2023.04.04	98.524	99.176	97.686	97.953	85823	0	7
2023.04.05	97.947	98.088	97.091	97.556	83904	0	8
2023.04.06	97.520	97.867	97.160	97.674	74153	0	6
2023.04.07	97.629	97.938	97.374	97.796	69081	0	7
2023.04.10	97.697	98.937	97.597	98.903	74501	0	7
2023.04.11	98.860	99.336	98.468	99.283	71376	0	7
2023.04.12	99.265	99.540	98.680	99.045	71402	0	7
2023.04.13	99.027	99.567	98.719	99.380	59427	0	6
2023.04.14	99.355	100.154	99.201	100.110	78610	0	6
2023.04.17	99.908	100.482	99.908	100.414	69817	0	6
2023.04.18	100.366	100.591	100.026	100.147	77511	0	6
2023.04.19	100.137	100.559	99.944	100.065	73655	0	6
2023.04.20	100.061	100.245	99.525	99.601	76088	0	6
2023.04.21	99.580	99.629	98.679	99.045	75247	0	6
2023.04.24	98.930	99.522	98.839	99.129	63316	0	6
2023.04.25	99.115	99.317	97.749	98.120	76445	0	6
2023.04.26	98.090	98.357	97.551	98.020	89872	0	6
2023.04.27	97.992	98.617	97.818	98.568	79540	0	6
2023.04.28	98.557	100.676	98.017	100.612	105627	0	6
2023.05.01	100.432	101.593	100.432	101.489	78044	0	8
2023.05.02	101.472	101.802	99.999	100.241	93717	0	6
2023.05.03	100.204	100.271	99.020	99.027	95648	0	6
2023.05.04	98.967	99.230	98.382	99.178	111465	0	7
2023.05.05	99.152	100.819	99.063	100.797	85940	0	7
2023.05.08	100.585	101.418	100.585	101.024	72995	0	6
2023.05.09	101.015	101.183	100.673	101.016	79365	0	6
2023.05.10	101.012	101.278	100.009	100.483	90581	0	6
2023.05.11	100.463	100.589	99.368	99.757	95508	0	7
2023.05.12	99.731	100.219	99.577	100.110	80147	0	6
2023.05.15	100.019	101.129	100.017	101.060	74038	0	6
2023.05.16	101.042	101.681	100.685	101.180	77733	0	7
2023.05.17	101.158	102.384	100.999	102.265	80417	0	6
2023.05.18	102.316	102.836	101.933	102.721	80590	0	7
2023.05.19	102.689	102.911	101.659	102.198	89828	0	6
2023.05.22	102.084	102.654	101.866	102.601	75674	0	6
2023.05.23	102.586	102.893	102.159	102.630	88904	0	6
2023.05.24	102.608	102.674	102.114	102.578	89203	0	6
2023.05.25	102.566	102.848	102.089	102.650	94337	0	6
2023.05.26	102.622	103.328	102.358	103.242	85183	0	6
2023.05.29	103.250	103.552	102.959	103.328	41559	0	8
2023.05.30	103.312	103.586	102.601	102.779	81675	0	6
2023.05.31	102.763	103.033	102.143	102.640	80702	0	6
2023.06.01	102.614	103.322	102.410	103.208	74981	0	8
2023.06.02	103.184	104.273	103.121	104.212	66288	0	8
